Date,Open Price,High Price,Low Price,Close Price,Total Traded Quantity,Turnover ₹,No. of Trades,Deliverable Qty,Last Price,Average Price,Symbol,Series
2014-01-06,570.65,575.75,558.05,563.5,2404764,1358281104.35,46089,"1,00,8733,05,5057,45,3604,65,931",563.95,566.2,HINDUNILVR,EQ
2014-01-13,563.0,565.9,543.5,545.7,4498774,2486149261.55,132061,"4,30,4363,58,4226,14,2947,10,80911,71,924",546.0,554.524,HINDUNILVR,EQ
2014-01-20,545.1,563.0,537.2,555.1,7231536,3976504913.85,156437,"6,04,21016,33,5168,17,01610,85,15412,38,153",556.0,549.6379999999999,HINDUNILVR,EQ
2014-01-27,555.8,584.9,548.8,575.25,10263033,5783542420.2,184300,"11,17,74614,15,0015,61,03719,68,33616,31,896",580.15,563.008,HINDUNILVR,EQ
2014-02-03,581.0,581.65,554.5,569.75,8371681,4748548865.25,116782,"25,62,7866,46,0138,26,3038,13,9855,03,950",569.0,568.476,HINDUNILVR,EQ
2014-02-10,568.1,589.65,561.6,564.0,8218000,4709431478.1,174357,"16,12,78420,89,42110,30,5145,00,6718,82,595",563.65,573.924,HINDUNILVR,EQ
2014-02-17,565.0,572.0,553.3,560.25,4843827,2732146706.7000003,122590,"11,74,21814,33,1962,70,1254,45,5621,76,978",559.7,562.928,HINDUNILVR,EQ
2014-02-24,560.0,566.0,551.85,554.9,2555533,1422367646.95,71888,"1,16,3762,79,3984,97,3285,08,3453,69,751",554.4,557.53,HINDUNILVR,EQ
2014-03-03,555.5,559.5,542.0,543.2,3960883,2181166258.5,100198,"4,13,4597,68,99813,75,0553,77,641",543.05,551.125,HINDUNILVR,EQ
2014-03-10,544.0,559.8,544.0,557.2,5041272,2786940787.05,111849,"4,27,1863,32,6377,36,6687,31,62511,63,106",556.45,552.482,HINDUNILVR,EQ
2014-03-17,558.8,567.2,551.55,553.65,5191094,2903079218.1,117012,"13,81,0645,48,9946,96,3139,21,801",554.5,559.695,HINDUNILVR,EQ
2014-03-24,554.0,584.0,550.6,582.35,7723745,4390109758.25,167286,"11,12,2077,94,1169,13,06218,78,69919,7756,03,042",580.9,568.8433333333334,HINDUNILVR,EQ
2014-03-31,583.0,608.85,577.5,605.55,7042905,4202321160.0,147775,"9,79,9206,74,17519,73,5466,02,8427,93,344",605.6,596.346,HINDUNILVR,EQ
2014-04-07,605.0,613.5,588.0,604.8,6698782,4014189165.95,138631,"4,13,81924,95,7254,19,5484,08,96111,84,831",607.5,600.866,HINDUNILVR,EQ
2014-04-14,604.0,619.8,599.55,609.4,2651902,1620963466.5500002,77944,"4,64,8518,22,1784,35,737",608.85,610.6966666666667,HINDUNILVR,EQ
2014-04-21,609.0,619.2,594.15,599.1,4522187,2744267588.9,143150,"5,01,1649,16,4057,26,1608,30,799",597.0,606.6800000000001,HINDUNILVR,EQ
2014-04-28,599.0,604.0,567.5,581.0,6201701,3634218416.65,120551,"5,18,7189,12,6375,57,5959,03,539",580.0,588.98,HINDUNILVR,EQ
2014-05-05,581.0,582.1,556.0,557.15,4493416,2537404155.4,136694,"7,89,54911,05,1473,37,1953,99,206",557.0,564.1575,HINDUNILVR,EQ
2014-05-12,559.0,573.0,550.25,571.5,4722086,2631666881.3,82724,"3,47,5599,16,7906,41,1718,09,6974,82,038",569.9,557.522,HINDUNILVR,EQ
2014-05-19,574.0,608.0,551.55,555.8,7857795,4552633165.1,186002,"8,29,8764,13,2787,70,67415,34,15514,46,877",551.95,578.804,HINDUNILVR,EQ
2014-05-26,556.0,570.35,555.05,559.85,6754257,3793947664.2,184458,"8,62,4126,95,8456,39,84212,99,28013,48,323",559.85,561.7,HINDUNILVR,EQ
2014-06-02,557.35,615.0,553.35,601.0,16995241,9971736106.25,309754,"9,47,4388,83,34517,42,25179,11,3786,65,587",600.0,574.738,HINDUNILVR,EQ
2014-06-09,602.95,645.95,590.1,632.7,9762944,6059319274.45,193559,"4,43,14011,89,91318,60,35912,83,4854,53,029",630.8,618.516,HINDUNILVR,EQ
2014-06-16,631.0,643.9,619.0,634.75,5570735,3515774602.5,161857,"7,04,0635,83,7453,56,1194,29,8055,79,161",632.0,630.842,HINDUNILVR,EQ
2014-06-23,632.15,634.4,610.8,617.65,4286302,2673589773.75,118519,"3,86,6794,14,9683,92,9917,21,7464,45,434",614.35,623.8700000000001,HINDUNILVR,EQ
2014-06-30,617.2,629.0,612.0,620.35,4362609,2699803026.05,89729,"3,33,7932,63,42610,00,7984,83,4514,29,305",619.35,619.1,HINDUNILVR,EQ
2014-07-07,622.0,634.4,616.55,627.6,3806900,2382406636.8,96994,"2,81,6723,64,0252,92,8773,35,8097,03,315",626.6,625.714,HINDUNILVR,EQ
2014-07-14,627.0,646.85,615.05,622.95,5706936,3613089296.75,142466,"5,39,8905,72,9195,51,3929,97,9973,34,115",622.0,631.7180000000001,HINDUNILVR,EQ
2014-07-21,623.25,630.0,616.4,627.55,2684810,1672759719.5,69183,"3,66,2045,43,9462,15,5931,77,4041,78,728",627.95,623.4739999999999,HINDUNILVR,EQ
2014-07-28,626.15,691.7,626.15,686.8,7467274,4942397252.15,165991,"3,33,4962,53,9693,15,1609,38,5527,10,366",686.0,647.448,HINDUNILVR,EQ
2014-08-04,689.9,705.9,671.85,699.65,9375433,6490976283.95,236077,"21,37,34718,32,51611,78,3018,35,510",699.0,693.78,HINDUNILVR,EQ
2014-08-11,699.0,732.0,694.3,697.95,5169736,3654498712.6,131239,"3,97,64710,33,0942,99,3304,39,0375,97,302",697.5,704.054,HINDUNILVR,EQ
2014-08-18,702.9,736.8,692.5,724.8,4289953,3069759608.4,102433,"5,34,0778,57,2012,91,2975,42,474",723.0,714.8375,HINDUNILVR,EQ
2014-08-25,719.1,731.0,701.35,716.7,3151483,2249947895.65,73155,"2,80,0335,87,0873,65,6102,89,0313,56,945",719.2,713.196,HINDUNILVR,EQ
2014-09-01,718.95,747.25,717.65,740.4,4845916,3564006735.55,103394,"6,28,4397,17,11214,44,3402,85,613",741.1,735.5174999999999,HINDUNILVR,EQ
2014-09-08,740.0,748.95,730.0,745.8,4089244,3016139013.15,121787,"3,52,7394,76,6106,66,2204,57,3215,91,773",745.8,736.996,HINDUNILVR,EQ
2014-09-15,745.8,764.45,744.05,754.85,3266217,2462266236.65,101822,"4,58,2092,87,0175,99,8592,29,6543,18,542",752.65,753.264,HINDUNILVR,EQ
2014-09-22,750.6,760.85,721.85,741.7,6275488,4678390238.95,142875,"3,54,8207,43,66314,62,88311,95,1838,25,509",742.0,746.888,HINDUNILVR,EQ
2014-09-29,741.0,771.9,735.5,746.5,4737220,3576536551.25,117893,"5,41,8974,84,1087,78,9764,43,6653,92,705",747.0,753.844,HINDUNILVR,EQ
2014-10-06,746.0,751.8,733.55,736.15,1541711,1145417861.5,32814,"6,24,9561,90,072",734.25,741.47,HINDUNILVR,EQ
2014-10-13,733.4,744.65,714.2,720.4,3374154,2473698089.25,101094,"5,14,6726,27,6573,55,8822,06,7132,51,823",719.0,731.582,HINDUNILVR,EQ
2014-10-20,720.55,745.6,716.6,736.55,2928060,2146800828.85,88662,"2,19,8177,44,2314,34,0232,63,841",733.0,732.2275,HINDUNILVR,EQ
2014-10-27,738.5,766.05,715.5,720.45,4030130,2981511613.0,104764,"3,11,9972,41,42639,3819,75,016",715.8,747.9575,HINDUNILVR,EQ
2014-11-03,716.0,743.0,707.15,739.85,5284164,3834164434.6,135340,"5,05,7635,58,8478,07,9386,31,0893,66,105",739.6,726.478,HINDUNILVR,EQ
2014-11-10,739.0,774.0,738.1,771.0,2396810,1814964082.4,65822,"4,70,1496,34,4823,71,965",773.0,757.1166666666667,HINDUNILVR,EQ
2014-11-17,773.0,776.75,750.0,757.2,3617573,2766146238.9,107817,"3,65,6285,07,2488,59,2152,03,9723,42,058",756.15,763.3480000000001,HINDUNILVR,EQ
2014-11-24,755.2,766.8,746.0,750.1,3470599,2628635925.15,116767,"2,54,9866,09,0775,89,3664,47,1063,55,972",749.85,756.18,HINDUNILVR,EQ
2014-12-01,750.1,814.85,747.1,808.65,5381851,4206767465.35,123793,"9,23,8903,73,4375,84,0704,70,8214,81,733",807.7,781.938,HINDUNILVR,EQ
2014-12-08,811.5,829.75,802.35,820.0,4338045,3548396145.65,149095,"2,90,9876,30,7517,30,6053,82,5385,94,271",818.1,817.1659999999999,HINDUNILVR,EQ
2014-12-15,819.0,819.5,784.65,790.1,5143605,4122634403.85,196969,"5,95,9617,96,72811,60,8934,74,9154,47,153",791.1,801.5379999999999,HINDUNILVR,EQ
2014-12-22,792.4,792.4,750.0,767.85,6436065,4934272457.4,220347,"7,74,91715,70,7998,62,3117,40,9427,22,467",766.5,766.592,HINDUNILVR,EQ
2014-12-29,769.0,770.8,744.5,758.85,5047048,3830327730.0,68339,"10,16,82218,66,8003,02,8923,93,946",759.9,757.9225,HINDUNILVR,EQ
2015-01-05,761.9,767.25,752.65,760.3,3871190,2941147483.15,114284,"1,95,8978,33,5511,49,7748,23,0096,45,855",759.9,759.8,HINDUNILVR,EQ
2015-01-12,767.0,899.8,755.4,896.6,17722780,14706284983.35,416422,"18,33,10522,90,91320,79,94719,67,26820,46,509",899.0,824.182,HINDUNILVR,EQ
2015-01-19,899.95,947.4,876.4,892.55,21210947,19332672766.95,436552,"18,29,57722,70,84517,84,7586,60,01528,12,418",893.7,913.574,HINDUNILVR,EQ
2015-01-26,889.9,968.85,877.75,965.3,14495383,13392638897.85,326199,"19,44,45811,79,38312,37,03210,50,286",963.5,928.7175,HINDUNILVR,EQ
2015-02-02,962.1,967.9,904.8,908.0,12327860,11534535793.1,309747,"23,10,11715,92,65122,76,66010,97,22312,02,482",907.95,933.202,HINDUNILVR,EQ
2015-02-09,910.2,930.85,895.1,900.15,6015778,5470333032.05,182037,"9,58,4367,57,1529,71,1473,30,2004,22,789",898.8,908.384,HINDUNILVR,EQ
2015-02-16,895.0,920.0,884.6,907.0,6056619,5440336717.3,176111,"5,97,0115,32,9066,71,8599,29,6988,99,620",906.75,897.442,HINDUNILVR,EQ
2015-02-23,902.0,923.35,883.05,886.15,4890865,4445107936.55,126035,"12,30,8804,78,9933,07,3226,04,023",883.5,906.515,HINDUNILVR,EQ
2015-03-02,889.0,939.95,880.4,935.65,9996639,9048080054.5,312649,"12,58,4116,30,6907,97,27212,66,8301,94,77020,21,114",936.5,902.73,HINDUNILVR,EQ
2015-03-09,939.9,981.0,913.0,976.0,8544141,8073957593.049999,263766,"10,17,4107,04,02213,32,09821,40,565",972.0,939.2125,HINDUNILVR,EQ
2015-03-16,978.3,978.9,902.5,931.75,7135038,6826266963.5,283785,"6,66,6198,27,1399,24,5078,82,0707,28,261",927.4,955.8219999999999,HINDUNILVR,EQ
2015-03-23,934.95,946.8,892.0,902.4,6768610,6205960314.45,272842,"6,54,5278,78,1407,69,36713,49,4335,29,896",902.0,917.7880000000001,HINDUNILVR,EQ
2015-03-30,896.2,901.15,848.95,862.05,10146989,8863475057.85,291989,"8,92,71223,75,33817,98,83313,99,6749,52,466",860.55,873.262,HINDUNILVR,EQ
2015-04-06,862.95,910.8,858.0,907.95,3852232,3410493681.45,132913,"8,77,7625,35,2949,96,830",910.0,884.8033333333333,HINDUNILVR,EQ
2015-04-13,911.35,950.95,897.6,949.15,6283299,5808826289.9,203402,"6,94,6007,59,1506,42,4336,81,2328,19,931",945.0,924.1279999999999,HINDUNILVR,EQ
2015-04-20,942.9,948.95,905.6,913.45,3641142,3387886476.8,127994,"5,59,9466,56,8813,90,7204,83,229",914.0,930.665,HINDUNILVR,EQ
2015-04-27,914.05,922.0,860.25,866.65,7738683,6902856703.35,206082,"17,35,31312,00,8874,67,9575,93,8505,10,876",860.35,891.5200000000001,HINDUNILVR,EQ
2015-05-04,863.35,875.0,832.2,861.75,6727607,5742213145.150001,202544,"12,76,7327,77,87820,12,4932,39,690",858.15,856.0775,HINDUNILVR,EQ
2015-05-11,858.0,907.05,850.1,864.7,12592091,11029044357.95,284107,"10,65,66613,04,0385,25,77212,93,50513,16,706",863.45,871.4559999999999,HINDUNILVR,EQ
2015-05-18,867.0,873.55,827.1,852.7,6795200,5744859139.65,208303,"8,06,2918,12,3578,82,3985,62,1214,56,146",854.0,845.4100000000001,HINDUNILVR,EQ
2015-05-25,852.4,868.85,841.25,852.45,5176373,4426651721.3,171197,"6,68,5036,17,5236,44,5249,87,8083,63,920",853.0,854.842,HINDUNILVR,EQ
2015-06-01,855.0,883.5,842.35,880.8,8063272,6911410790.65,161532,"4,68,6793,14,90017,26,93329,22,8205,46,912",877.65,857.9739999999999,HINDUNILVR,EQ
2015-06-08,884.0,884.65,809.0,812.25,5949014,4957877321.4,200017,"5,70,6896,56,5818,89,2589,00,1216,81,962",811.0,834.574,HINDUNILVR,EQ
2015-06-15,807.0,836.5,806.1,821.75,4452289,3651844070.0,158125,"3,74,4985,17,7356,98,0085,18,0432,75,274",820.1,819.682,HINDUNILVR,EQ
2015-06-22,818.1,876.0,817.3,873.45,7089550,6076868475.85,259728,"5,24,40616,30,1868,05,7069,03,6077,11,526",874.0,855.132,HINDUNILVR,EQ
2015-06-29,878.0,908.9,868.35,900.4,5791740,5149405367.45,169651,"4,04,2649,77,1898,01,9084,03,0875,80,060",905.0,886.99,HINDUNILVR,EQ
2015-07-06,907.0,930.0,906.0,927.45,5845268,5371350929.45,191545,"14,11,3679,40,5855,76,8792,20,4312,85,699",925.0,920.902,HINDUNILVR,EQ
2015-07-13,921.6,944.0,890.5,910.7,6962636,6367682691.35,242379,"3,92,50111,14,2217,52,57715,05,5607,39,436",913.0,916.006,HINDUNILVR,EQ
2015-07-20,910.5,941.95,902.8,913.1,3897151,3605137763.9,178722,"3,58,3695,36,3943,72,6805,29,5483,67,916",913.0,924.7299999999999,HINDUNILVR,EQ
2015-07-27,915.0,923.0,871.1,900.1,9328216,8383313670.35,255554,"16,69,4045,94,5375,60,0493,53,6069,94,263",899.0,902.988,HINDUNILVR,EQ
2015-08-03,893.25,934.45,891.5,909.7,8408312,7680024551.9,243467,"10,26,3668,80,01311,55,56110,09,12014,73,495",911.0,912.854,HINDUNILVR,EQ
2015-08-10,910.5,914.45,900.05,906.15,8641934,7833951278.2,228867,"22,22,58726,04,0928,88,3316,10,5307,11,033",906.0,906.1880000000001,HINDUNILVR,EQ
2015-08-17,903.0,905.85,850.0,872.65,4929392,4317602414.25,183562,"10,87,0799,17,7156,45,1994,15,7521,54,442",871.9,873.95,HINDUNILVR,EQ
2015-08-24,872.0,901.85,844.95,851.15,6061689,5288933672.65,204585,"3,38,2842,24,8854,69,6148,80,42715,74,767",863.3,874.5540000000001,HINDUNILVR,EQ
2015-08-31,861.0,878.0,848.8,860.9,9703295,8346478909.3,284581,"16,94,93014,07,52116,63,55810,26,61214,02,320",862.75,859.8860000000001,HINDUNILVR,EQ
2015-09-07,855.0,862.4,815.1,819.85,6376374,5343561128.8,194991,"11,00,2959,91,8235,60,1478,94,1825,51,002",820.0,836.198,HINDUNILVR,EQ
2015-09-14,827.8,827.8,777.6,794.75,9165788,7276930353.7,263056,"15,58,3178,67,67119,17,3558,74,1786,45,533",794.9,794.5600000000001,HINDUNILVR,EQ
2015-09-21,794.75,816.8,788.4,790.7,6533445,5222341018.35,154736,"7,78,4876,12,28924,87,5997,66,093",791.0,799.6475,HINDUNILVR,EQ
2015-09-28,792.0,802.5,776.25,790.65,6758289,5307593407.75,208697,"14,23,2837,52,46420,52,5036,38,662",791.5,786.615,HINDUNILVR,EQ
2015-10-05,782.6,827.25,781.35,809.8,6948614,5579690148.9,177572,"17,42,30514,76,5684,56,7898,85,902",809.9,806.245,HINDUNILVR,EQ
2015-10-12,816.95,832.0,807.35,814.85,4771374,3919556920.4,186913,"8,76,8907,45,8363,30,8473,56,1914,09,585",815.75,820.9219999999999,HINDUNILVR,EQ
2015-10-19,817.0,819.0,769.0,793.9,12306054,9739988737.3,331871,"5,25,6289,48,99117,16,19816,48,15012,84,636",794.0,794.2360000000001,HINDUNILVR,EQ
2015-10-26,797.45,810.0,783.0,808.6,5019243,3992265299.8,197487,"10,26,5005,55,15215,54,3474,55,567",809.4,795.85,HINDUNILVR,EQ
2015-11-02,806.75,820.5,791.55,802.75,5321951,4289020026.05,205934,"4,59,5877,73,93810,92,4757,51,5202,87,590",802.2,805.3979999999999,HINDUNILVR,EQ
2015-11-09,805.0,818.1,784.0,802.6,3731189,2994503930.95,152420,"2,03,7634,29,7681,70,2094,98,5838,27,298",801.05,803.442,HINDUNILVR,EQ
2015-11-16,802.0,809.9,780.1,784.1,3207417,2551056052.5,133781,"5,26,48664,6087,15,6508,94,040",781.5,798.6275,HINDUNILVR,EQ
2015-11-23,785.9,806.85,782.0,791.2,3913777,3114455033.2,138683,"4,67,7084,71,4496,36,9345,07,3044,93,605",790.65,795.71,HINDUNILVR,EQ
2015-11-30,794.0,826.0,790.75,808.45,6328026,5144091598.799999,190805,"7,49,3249,27,9725,74,95222,90,765",812.0,812.9775,HINDUNILVR,EQ
2015-12-07,811.85,836.8,805.0,833.5,5787205,4770125661.8,221791,"8,47,3605,50,7434,09,8649,32,3308,60,243",831.1,824.0840000000001,HINDUNILVR,EQ
2015-12-14,831.9,842.5,812.25,839.0,5831287,4831780863.05,200764,"6,54,9985,55,3207,62,2027,07,2218,53,865",841.45,828.3979999999999,HINDUNILVR,EQ
2015-12-21,839.2,875.6,839.2,851.6,7846267,6724930477.1,227675,"15,68,9326,13,4847,72,22916,12,6198,19,272",850.6,856.914,HINDUNILVR,EQ
2015-12-28,852.95,873.0,843.2,865.85,3198291,2753722808.2,110844,"5,90,8164,70,0663,61,6867,21,291",863.0,861.4025,HINDUNILVR,EQ
2016-01-04,867.0,868.7,851.15,859.0,3234122,2777185374.4,93333,"5,61,9014,52,5273,86,94986,3363,49,180",856.35,858.5899999999999,HINDUNILVR,EQ
2016-01-11,857.3,859.05,801.35,811.75,7446320,6180258780.3,293928,"8,98,72917,98,6709,69,9998,36,90910,51,864",811.75,829.32,HINDUNILVR,EQ
2016-01-18,808.5,837.9,776.65,809.95,8754857,7131897369.45,286616,"6,44,4458,11,03310,65,78411,85,2047,49,435",809.25,816.626,HINDUNILVR,EQ
2016-01-25,813.0,821.75,769.7,783.3,6592041,5184114948.400001,235206,"3,61,1029,04,06610,25,26810,03,5966,87,122",782.2,788.5139999999999,HINDUNILVR,EQ
2016-02-01,781.0,820.0,766.4,800.95,6018160,4777125050.6,178939,"8,22,31612,31,31512,15,1815,73,051",800.0,793.785,HINDUNILVR,EQ
2016-02-08,809.5,855.5,795.5,828.9,7035947,5836091699.8,230505,"5,54,9459,78,8778,72,75613,79,9101,80,226",832.05,827.9620000000001,HINDUNILVR,EQ
2016-02-15,826.35,842.15,791.2,804.7,5281436,4307861231.2,162199,"5,41,9425,00,9574,70,9247,27,2226,91,338",803.6,817.034,HINDUNILVR,EQ
2016-02-22,810.0,866.0,789.75,861.65,5392611,4465697490.2,206254,"5,07,0424,16,3077,15,6262,51,14610,25,755",858.0,822.006,HINDUNILVR,EQ
2016-02-29,858.45,858.45,823.5,830.4,5679194,4770223858.4,232832,"2,01,1886,70,1395,60,6158,26,36312,19,566",826.0,840.6479999999999,HINDUNILVR,EQ
2016-03-07,829.85,856.1,818.1,848.75,5076966,4267418245.25,173867,"13,29,7527,33,2595,06,5398,72,942",849.0,842.9925,HINDUNILVR,EQ
2016-03-14,848.0,860.0,824.0,857.15,6765154,5662095162.8,169560,"9,11,65912,34,8067,51,9988,92,8633,66,117",855.75,838.186,HINDUNILVR,EQ
2016-03-21,852.1,883.0,831.0,879.65,8248748,7002877603.25,247360,"8,50,04210,77,56014,01,40513,39,6089,74,473",880.1,848.7239999999999,HINDUNILVR,EQ
2016-03-28,876.05,880.65,860.2,863.65,5431399,4713989399.6,156436,"13,31,2587,79,24715,13,756",861.9,868.0766666666667,HINDUNILVR,EQ
2016-04-04,860.3,878.95,855.5,872.2,7535999,6531395082.35,221393,"9,13,7269,84,12018,53,3265,55,9826,44,617",870.1,866.4,HINDUNILVR,EQ
2016-04-11,870.2,882.85,845.1,864.3,4642822,4010767850.9,157587,"5,06,9426,65,6734,61,1053,61,3035,59,894",865.35,862.8100000000001,HINDUNILVR,EQ
2016-04-18,866.9,904.95,860.2,899.15,3856458,3421852681.45,132246,"5,30,15211,17,1446,99,397",899.75,885.4266666666666,HINDUNILVR,EQ
2016-04-25,899.1,906.9,875.5,884.15,4494147,4021996277.5,173891,"9,90,1197,93,3427,23,5525,58,208",886.0,893.6725,HINDUNILVR,EQ
2016-05-02,881.6,896.8,855.0,863.95,7077149,6203436137.55,164499,"8,36,5335,36,34419,52,17311,82,0415,43,703",863.6,876.1139999999999,HINDUNILVR,EQ
2016-05-09,863.95,869.7,839.2,845.5,6261662,5349200176.4,188091,"9,50,2442,91,1793,83,0982,20,2876,78,187",848.0,853.484,HINDUNILVR,EQ
2016-05-16,848.8,867.9,817.0,846.25,7261036,6120045527.75,236966,"6,22,6032,33,1734,02,18016,26,32412,08,291",845.5,847.768,HINDUNILVR,EQ
2016-05-23,850.0,850.35,806.15,819.6,7472645,6151866440.65,221776,"10,26,8729,39,57513,75,55912,03,4538,11,934",818.7,823.5260000000001,HINDUNILVR,EQ
2016-05-30,819.0,867.2,815.45,854.35,6861417,5801770305.65,281835,"6,91,7796,59,40417,25,88911,43,5105,70,786",853.0,844.0440000000001,HINDUNILVR,EQ
2016-06-06,857.8,892.0,835.0,879.35,20458567,17497565228.25,353508,"1,04,82,6097,38,57422,81,7489,99,72714,23,985",880.0,863.46,HINDUNILVR,EQ
2016-06-13,884.0,908.0,867.35,874.2,6898337,6121001271.2,195092,"15,38,3078,05,4869,47,0384,98,1308,09,954",875.0,885.092,HINDUNILVR,EQ
2016-06-20,872.1,884.7,859.15,879.4,3869304,3378427944.25,181901,"5,56,7725,57,1314,24,8985,19,3432,71,434",878.05,873.476,HINDUNILVR,EQ
2016-06-27,876.5,879.0,847.1,858.85,4485595,3872447651.95,168404,"8,26,8474,21,5032,75,9636,44,9844,38,380",858.5,863.308,HINDUNILVR,EQ
2016-07-04,861.0,904.55,859.0,893.05,6269016,5582216637.349999,233047,"9,62,8513,72,30313,18,0715,44,7572,99,146",892.9,890.124,HINDUNILVR,EQ
2016-07-11,895.2,934.9,886.85,929.4,4646384,4243643804.65,159590,"3,83,5408,91,11610,57,8914,16,372",926.05,911.8925,HINDUNILVR,EQ
2016-07-18,933.9,951.45,910.0,921.95,6466625,6019147918.5,280549,"5,29,6403,91,4744,91,6206,68,10711,77,803",911.0,930.086,HINDUNILVR,EQ
2016-07-25,904.1,915.0,888.0,906.95,6642185,5983513878.4,285561,"10,46,0705,36,3555,29,4885,83,1249,33,052",907.4,902.408,HINDUNILVR,EQ
2016-08-01,911.9,930.05,895.1,925.0,6578255,5981122025.15,212715,"7,69,0498,61,60812,36,7477,79,7318,87,095",929.95,909.4619999999999,HINDUNILVR,EQ
2016-08-08,928.9,940.85,908.85,929.5,4771820,4407512415.9,202398,"9,61,0266,49,6714,19,5316,97,5883,47,113",931.0,923.0619999999999,HINDUNILVR,EQ
2016-08-15,929.5,947.0,922.55,935.0,3111534,2897811714.0,118651,"6,03,9454,25,0004,57,3553,30,819",934.7,931.4125,HINDUNILVR,EQ
2016-08-22,931.25,943.9,901.25,930.05,5218871,4793910206.4,238610,"4,89,7174,58,1266,61,3569,04,1019,60,392",930.0,918.3639999999999,HINDUNILVR,EQ
2016-08-29,931.0,931.65,900.0,905.2,4855075,4435535691.7,199943,"6,60,4395,91,49313,00,8254,75,1832,87,970",907.5,912.6479999999999,HINDUNILVR,EQ
2016-09-05,908.0,929.5,907.6,920.75,4729945,4352935588.6,159291,"5,72,57617,70,7383,76,0707,35,415",920.5,920.87,HINDUNILVR,EQ
2016-09-12,924.25,954.0,912.45,918.45,4634831,4332528960.75,206643,"5,60,3375,08,1859,92,4194,99,1203,67,990",919.0,932.54,HINDUNILVR,EQ
2016-09-19,917.0,928.6,905.0,911.95,4650016,4254227866.6,182261,"10,02,5455,75,58911,73,9624,77,831",910.55,914.8525,HINDUNILVR,EQ
2016-09-26,912.15,917.95,886.5,892.6,6138519,5562977570.15,214815,"8,21,7056,74,7547,51,31810,52,1807,25,082",895.0,906.0960000000001,HINDUNILVR,EQ
2016-10-03,895.0,900.95,860.2,868.75,11205519,9827820039.7,278945,"5,15,99713,50,16625,62,62127,16,01417,69,893",869.9,879.8399999999999,HINDUNILVR,EQ
2016-10-10,872.0,889.7,858.8,876.15,6430088,5614512313.65,232529,"11,48,08613,62,2099,42,8886,70,1365,33,774",876.6,874.436,HINDUNILVR,EQ
2016-10-17,869.5,874.75,837.0,849.25,5345221,4555997421.3,217017,"17,06,76013,38,2047,82,041",848.8,851.1366666666667,HINDUNILVR,EQ
2016-10-24,850.3,857.0,837.05,848.35,6023825,5106278305.95,251265,"8,51,3778,18,1465,92,4409,28,13112,43,371",849.0,847.5219999999999,HINDUNILVR,EQ
2016-10-31,847.1,850.0,818.4,839.15,8513713,7112412410.95,238562,"14,88,57212,21,25019,87,2109,79,16537,642",839.5,836.906,HINDUNILVR,EQ
2016-11-07,835.0,866.4,831.65,837.65,7028973,5941997429.4,266676,"5,66,8556,90,79115,65,71113,56,9174,70,607",837.0,843.156,HINDUNILVR,EQ
2016-11-14,838.45,846.75,798.1,801.75,5696025,4667287191.65,196676,"4,63,94213,04,8386,04,31311,89,161",807.8,823.0699999999999,HINDUNILVR,EQ
2016-11-21,804.0,816.0,783.25,797.75,7806365,6263912757.450001,327858,"13,25,34622,00,0943,79,94611,13,2166,06,422",803.0,803.162,HINDUNILVR,EQ
2016-11-28,806.3,841.95,802.8,837.85,5787375,4786371987.25,228682,"7,67,2768,37,8059,82,0395,43,1767,07,916",838.8,828.0139999999999,HINDUNILVR,EQ
2016-12-05,837.0,855.7,828.15,844.9,6228086,5245305174.3,222036,"8,52,48519,19,7545,96,5623,41,6153,73,572",849.0,841.7719999999999,HINDUNILVR,EQ
2016-12-12,845.4,849.8,830.35,832.6,2396248,2010456872.75,137575,"4,08,0452,28,8863,70,5512,78,7751,82,111",832.0,838.5959999999999,HINDUNILVR,EQ
2016-12-19,834.0,836.4,808.0,809.75,3304431,2710065368.05,134971,"4,66,1452,16,9802,93,0486,28,9285,35,505",808.2,820.4799999999999,HINDUNILVR,EQ
2016-12-26,808.75,812.75,781.95,801.8,4808898,3830623760.4,149210,"7,83,6057,78,1397,98,3165,72,9473,62,153",804.0,796.5640000000001,HINDUNILVR,EQ
2017-01-02,801.9,829.45,796.6,825.35,3808897,3111247011.15,132333,"1,92,7205,06,7578,82,7635,15,2082,62,695",825.1,816.802,HINDUNILVR,EQ
2017-01-09,826.45,874.8,816.55,831.05,3586238,2973260028.8,156185,"4,02,1958,68,7925,15,7543,06,6442,59,359",829.9,830.6,HINDUNILVR,EQ
2017-01-16,833.8,845.0,822.45,827.5,3230701,2692030275.9,117124,"2,05,8195,77,9206,74,4103,24,0812,70,506",828.05,832.266,HINDUNILVR,EQ
2017-01-23,826.75,875.95,826.75,862.4,7112521,6108171431.05,201961,"7,26,93413,32,7658,29,4316,47,9588,43,737",859.15,857.902,HINDUNILVR,EQ
2017-01-30,856.0,875.7,842.1,853.55,5077390,4359929513.45,188550,"9,69,0977,86,5649,52,4203,87,974",856.0,858.7874999999999,HINDUNILVR,EQ
2017-02-06,856.0,867.55,838.6,860.55,6585891,5617184715.8,273928,"8,24,67812,65,88712,71,8596,48,3916,54,633",860.5,852.7959999999999,HINDUNILVR,EQ
2017-02-13,863.0,864.75,843.5,862.3,4083348,3485022512.1,194285,"6,08,1656,43,1356,06,1873,64,8734,08,925",863.0,853.734,HINDUNILVR,EQ
2017-02-20,863.0,868.05,837.5,854.45,5117250,4346215024.3,197964,"8,60,4065,55,2192,96,6635,93,4768,90,320",852.0,848.4200000000001,HINDUNILVR,EQ
2017-02-27,853.5,872.0,852.0,866.45,5565187,4798020567.75,189062,"6,22,17414,46,8589,14,7728,11,991",864.0,862.4225,HINDUNILVR,EQ
2017-03-06,865.5,883.15,858.15,873.1,5255198,4586182436.25,179348,"10,85,1007,15,8667,77,4167,24,4852,89,374",873.0,873.192,HINDUNILVR,EQ
2017-03-13,874.1,877.75,862.2,875.2,3453091,3004062662.05,98164,"4,27,1264,42,0844,36,23013,70,915",876.45,869.765,HINDUNILVR,EQ
2017-03-20,881.2,917.2,879.05,898.45,7984687,7196974123.95,246105,"20,50,5139,27,7995,47,60815,78,2155,42,259",897.75,902.406,HINDUNILVR,EQ
2017-03-27,898.8,913.35,888.3,898.8,6322820,5700433199.15,125383,"7,29,9316,85,8205,29,9535,80,21121,56,284",898.1,900.5880000000001,HINDUNILVR,EQ
2017-04-03,900.0,924.35,897.5,920.65,6024929,5503474997.65,169941,"3,33,2868,32,87116,25,30610,78,2915,20,407",922.4,911.3380000000001,HINDUNILVR,EQ
2017-04-10,918.15,937.45,916.0,925.95,5066308,4703898960.15,120524,"19,07,16611,83,3845,21,1832,50,069",924.0,926.5575,HINDUNILVR,EQ
2017-04-17,922.95,929.2,912.1,914.05,4371352,4032966177.1,90169,"5,22,88217,73,4249,80,5812,99,232",914.0,922.1325,HINDUNILVR,EQ
2017-04-24,915.0,923.9,898.55,904.55,5356394,4881439316.65,158155,"3,43,2799,95,91916,58,7984,43,3374,09,875",904.55,911.566,HINDUNILVR,EQ
2017-05-01,907.0,951.0,903.05,934.95,7083183,6626064161.1,193588,"7,56,4339,44,5286,00,14528,37,606",934.0,933.9875,HINDUNILVR,EQ
2017-05-08,930.2,960.0,922.6,954.85,5070581,4767644831.9,219160,"13,00,6106,90,8657,91,3903,36,7024,45,342",955.05,943.3059999999999,HINDUNILVR,EQ
2017-05-15,957.0,999.0,947.5,983.25,7200385,7057263878.15,195049,"9,67,44510,98,9458,64,2025,38,8714,20,159",982.5,977.332,HINDUNILVR,EQ
2017-05-22,983.0,1028.2,982.05,1018.6,11042680,11100568953.75,289511,"6,69,5769,96,0549,83,59415,23,1088,08,117",1019.8,1005.0219999999999,HINDUNILVR,EQ
2017-05-29,1018.8,1077.0,1014.0,1072.25,9038320,9399203995.2,271279,"19,46,51313,41,09312,55,4783,67,49111,12,200",1073.0,1041.408,HINDUNILVR,EQ
2017-06-05,1071.1,1103.0,1046.1,1097.75,7728075,8341998067.6,237098,"5,88,06818,34,08711,60,30918,03,8423,55,028",1095.0,1080.4940000000001,HINDUNILVR,EQ
2017-06-12,1097.95,1115.0,1083.0,1099.65,6281502,6909362068.0,213238,"9,15,62916,66,8835,55,5044,03,5437,36,896",1100.0,1098.136,HINDUNILVR,EQ
2017-06-19,1096.0,1121.5,1088.45,1095.65,5641251,6213637277.4,216929,"7,88,2037,65,0887,64,00611,85,7656,13,375",1095.85,1101.95,HINDUNILVR,EQ
2017-06-26,1098.85,1129.0,1075.0,1097.9,5285498,5810660651.7,223873,"10,49,9008,98,3896,40,85210,97,595",1095.05,1099.65,HINDUNILVR,EQ
2017-07-03,1096.5,1114.95,1064.0,1097.75,6990632,7617495339.65,224386,"14,10,6777,92,68513,76,0949,50,7794,91,860",1098.0,1089.942,HINDUNILVR,EQ
2017-07-10,1104.4,1150.0,1082.05,1096.25,2893319,3174611996.5,109832,"6,15,1351,93,3455,03,1304,19,94362,749",1096.0,1096.736,HINDUNILVR,EQ
2017-07-17,1102.0,1156.0,1097.0,1152.95,6836641,7737930696.55,258880,"7,29,57810,21,8089,58,0949,36,8226,39,029",1150.5,1131.33,HINDUNILVR,EQ
2017-07-24,1153.25,1195.05,1135.5,1159.35,12210453,14130703477.5,319305,"20,98,06720,11,2308,51,04011,82,1727,98,740",1159.15,1156.8939999999998,HINDUNILVR,EQ
2017-07-31,1155.55,1192.45,1141.35,1155.75,7156051,8304877617.0,180759,"12,36,59111,62,46312,32,7305,66,1047,06,038",1160.4,1157.906,HINDUNILVR,EQ
2017-08-07,1154.0,1196.3,1154.0,1186.3,4529133,5328646922.35,178304,"10,66,1993,82,9973,73,6136,94,1696,31,855",1177.95,1175.688,HINDUNILVR,EQ
2017-08-14,1181.7,1209.0,1143.55,1155.7,4251012,5008826012.65,190338,"8,59,9475,04,7124,55,7165,53,0973,13,395",1159.05,1174.6860000000001,HINDUNILVR,EQ
2017-08-21,1151.0,1208.0,1151.0,1191.45,4701221,5567385176.6,195836,"9,21,5576,73,68010,37,9336,31,916",1192.6,1184.0725,HINDUNILVR,EQ
2017-08-28,1206.3,1207.35,1175.3,1199.7,3159326,3756878615.65,142964,"6,21,1195,04,5544,92,8414,40,977",1200.0,1188.9675,HINDUNILVR,EQ
2017-09-04,1195.15,1222.8,1183.0,1197.15,4303021,5178452266.9,190900,"7,83,6953,96,1929,19,6433,65,9803,92,962",1194.1,1203.234,HINDUNILVR,EQ
2017-09-11,1196.4,1232.0,1192.3,1219.9,3609135,4372435648.85,192843,"4,57,4855,17,1085,28,1604,43,6453,64,323",1217.0,1211.084,HINDUNILVR,EQ
2017-09-18,1224.0,1285.95,1223.0,1280.05,5366654,6712965516.3,160356,"7,61,0815,88,1339,05,72611,10,4514,34,220",1282.0,1252.408,HINDUNILVR,EQ
2017-09-25,1287.6,1287.6,1234.1,1247.15,5136803,6442112990.1,262002,"3,68,8969,09,2856,13,5649,09,3689,53,336",1247.9,1256.982,HINDUNILVR,EQ
2017-10-02,1261.1,1261.1,1169.0,1173.9,9332223,11184373451.0,350902,"11,31,48815,66,06022,54,87016,49,492",1169.65,1199.1625,HINDUNILVR,EQ
2017-10-09,1176.5,1223.35,1171.0,1220.25,7954796,9489132818.45,204648,"16,33,04220,05,41219,18,0772,63,7375,25,677",1222.5,1196.8600000000001,HINDUNILVR,EQ
2017-10-16,1224.1,1287.5,1198.6,1281.3,4997991,6191638410.55,187494,"5,01,4267,31,7784,54,4034,00,0887,79,912",1281.35,1236.55,HINDUNILVR,EQ
2017-10-23,1285.0,1288.65,1238.6,1249.95,2211980,2801864644.4,130345,"4,28,9824,46,10518,6985,34,469",1253.0,1265.815,HINDUNILVR,EQ
2017-10-30,1254.9,1285.0,1230.0,1234.2,6647901,8402231750.25,219574,"7,52,5278,25,27016,10,7225,48,7977,86,826",1237.7,1262.286,HINDUNILVR,EQ
2017-11-06,1241.0,1263.0,1230.45,1240.6,3917791,4877661301.9,131757,"4,70,1738,64,3295,23,5144,45,8483,64,556",1241.0,1243.344,HINDUNILVR,EQ
2017-11-13,1235.1,1315.0,1226.35,1279.5,6585368,8335335115.45,249505,"6,68,8516,46,7346,60,63111,18,5776,62,306",1275.0,1260.648,HINDUNILVR,EQ
2017-11-20,1286.1,1297.4,1246.15,1274.5,5080166,6480653054.75,212686,"8,95,0779,29,5715,85,0968,38,2425,26,689",1276.0,1275.3719999999998,HINDUNILVR,EQ
2017-11-27,1275.0,1285.0,1250.55,1260.3,4101631,5197618015.25,157621,"5,57,4234,44,1267,11,5136,92,1185,39,588",1261.5,1267.2400000000002,HINDUNILVR,EQ
2017-12-04,1263.0,1281.1,1241.2,1268.6,5407380,6859247738.9,211299,"7,42,8225,15,84017,89,5522,84,4285,80,373",1268.0,1266.944,HINDUNILVR,EQ
2017-12-11,1274.0,1331.0,1255.0,1324.05,5652955,7280010441.4,254535,"6,25,97410,12,1119,77,0728,29,3423,71,107",1324.05,1290.4940000000001,HINDUNILVR,EQ
2017-12-18,1319.1,1345.0,1300.95,1331.75,4964231,6559112894.2,184132,"5,71,8023,98,3486,11,58710,33,3075,33,237",1333.0,1320.968,HINDUNILVR,EQ
2017-12-25,1333.1,1367.95,1326.5,1356.5,3545301,4781589523.1,168751,"9,55,3588,21,7813,58,0013,49,208",1350.4,1349.7275,HINDUNILVR,EQ
2018-01-01,1350.4,1382.8,1340.0,1344.5,5637812,7653244682.4,107435,"6,21,0592,99,65916,85,0725,11,5484,75,067",1345.0,1355.9560000000001,HINDUNILVR,EQ
2018-01-08,1345.0,1371.0,1328.55,1368.4,3539234,4782424840.05,128499,"4,70,5055,41,4544,70,2663,68,1255,36,934",1370.0,1351.0880000000002,HINDUNILVR,EQ
2018-01-15,1374.0,1384.4,1355.0,1367.2,4474290,6121895122.7,181211,"4,89,6055,97,8763,47,9865,57,19010,50,008",1367.1,1368.368,HINDUNILVR,EQ
2018-01-22,1369.3,1406.9,1346.45,1355.1,7277153,9955059424.4,255938,"4,14,0638,26,81710,05,25510,88,9957,55,117",1356.9,1367.646,HINDUNILVR,EQ
2018-01-29,1360.7,1400.0,1335.05,1397.3,6636509,9075255857.55,189167,"8,51,77911,79,31012,33,34710,71,414",1395.7,1368.075,HINDUNILVR,EQ
2018-02-05,1397.3,1410.0,1341.25,1355.75,7650461,10481493157.2,269153,"9,68,35010,46,0089,03,75112,43,5179,84,059",1358.0,1371.1680000000001,HINDUNILVR,EQ
2018-02-12,1300.0,1349.9,1299.0,1344.45,6224204,8247463446.95,227895,"9,48,73910,03,4897,66,7555,54,3479,00,640",1337.0,1326.0520000000001,HINDUNILVR,EQ
2018-02-19,1349.8,1364.45,1328.8,1335.9,3289351,4437291622.799999,111600,"6,36,4565,97,0578,15,4462,58,620",1335.15,1347.545,HINDUNILVR,EQ
2018-02-26,1332.15,1343.35,1313.25,1333.3,6274216,8325648312.4,206865,"5,19,93111,22,31515,59,7796,67,0929,11,786",1332.85,1328.06,HINDUNILVR,EQ
2018-03-05,1340.0,1352.5,1293.75,1299.75,4983915,6603222998.4,142143,"10,38,12014,85,5496,64,2005,92,144",1300.85,1322.6174999999998,HINDUNILVR,EQ
2018-03-12,1300.0,1327.95,1284.2,1324.2,4122707,5360205921.85,132102,"5,18,9626,98,8214,38,4576,27,4046,32,128",1325.75,1299.966,HINDUNILVR,EQ
2018-03-19,1324.9,1331.45,1281.1,1309.4,7256166,9481803086.349998,200914,"7,88,7175,61,2143,34,12030,19,0098,27,054",1312.0,1311.722,HINDUNILVR,EQ
2018-03-26,1306.0,1329.9,1283.8,1324.3,6232575,8174628589.75,270901,"9,54,06313,24,6247,17,2858,42,1907,06,786",1324.5,1311.596,HINDUNILVR,EQ
2018-04-02,1339.0,1360.55,1315.0,1351.3,3086752,4118662087.45,136339,"7,62,2659,04,5014,47,283",1357.0,1334.7766666666666,HINDUNILVR,EQ
2018-04-09,1347.1,1396.4,1338.65,1391.6,4038529,5511882976.6,206575,"7,54,8997,09,4383,55,6423,55,6215,53,137",1395.5,1366.238,HINDUNILVR,EQ
2018-04-16,1398.8,1423.2,1385.55,1419.5,3355328,4707793265.45,133995,"7,64,0776,24,9862,94,2952,38,9091,44,243",1419.05,1405.142,HINDUNILVR,EQ
2018-04-23,1420.5,1472.15,1419.8,1452.75,3693895,5351874769.65,183482,"8,26,0445,31,3003,67,6543,54,3462,25,848",1452.8,1450.816,HINDUNILVR,EQ
2018-04-30,1464.0,1513.55,1445.7,1508.9,4475466,6592059547.45,175141,"9,32,8373,59,8348,29,3594,51,7933,24,416",1502.0,1473.904,HINDUNILVR,EQ
2018-05-07,1512.0,1514.0,1441.6,1497.9,3765183,5541158480.9,136190,"7,04,0718,95,1993,83,9485,18,842",1496.05,1472.425,HINDUNILVR,EQ
2018-05-14,1494.0,1521.2,1478.5,1503.55,4668782,6994727145.9,192948,"6,19,2694,41,0726,42,0193,51,7447,35,911",1504.35,1497.594,HINDUNILVR,EQ
2018-05-21,1530.0,1619.4,1506.6,1578.65,11295027,17661420760.05,402845,"10,76,8199,00,7259,31,4189,59,6198,61,173",1575.7,1570.06,HINDUNILVR,EQ
2018-05-28,1565.75,1591.25,1550.05,1582.85,4477826,7034799137.0,241738,"6,26,8085,70,2046,23,2454,55,6672,97,630",1582.0,1571.836,HINDUNILVR,EQ
2018-06-04,1575.55,1624.4,1557.0,1563.2,7650697,12182197904.2,355456,"4,59,4496,98,45624,18,4059,51,4295,68,206",1560.3,1585.41,HINDUNILVR,EQ
2018-06-11,1564.0,1617.0,1547.05,1601.4,5760611,9119854004.5,306058,"11,34,9177,70,49810,19,9105,28,2075,40,077",1600.0,1585.196,HINDUNILVR,EQ
2018-06-18,1604.8,1645.0,1590.0,1608.55,6850147,11073090265.05,260887,"11,73,3404,65,9608,74,90515,19,1305,04,429",1604.0,1617.404,HINDUNILVR,EQ
2018-06-25,1603.6,1629.0,1581.0,1615.15,6020781,9667149605.800001,343594,"7,38,34412,13,1627,78,9917,31,1936,78,272",1617.25,1605.6619999999998,HINDUNILVR,EQ
2018-07-02,1615.0,1656.65,1596.0,1643.45,7009931,11409571106.9,343298,"4,89,44514,42,6567,84,3737,59,3487,08,096",1645.0,1626.218,HINDUNILVR,EQ
2018-07-09,1645.0,1697.65,1635.0,1691.9,6307466,10548522939.8,253288,"7,26,0696,90,45410,05,9289,42,2364,81,660",1691.7,1673.002,HINDUNILVR,EQ
2018-07-16,1693.25,1779.0,1678.1,1751.25,6918015,11991644858.0,400144,"7,56,0935,93,5448,81,1946,00,2618,35,277",1759.95,1727.484,HINDUNILVR,EQ
2018-07-23,1767.0,1780.0,1627.0,1689.65,13136137,22138822847.6,504580,"12,62,0158,08,7276,66,5508,56,9285,31,467",1691.25,1672.538,HINDUNILVR,EQ
2018-07-30,1700.0,1709.7,1638.25,1688.7,6967525,11598429338.8,302999,"4,61,3399,79,62411,08,2055,76,1217,52,164",1689.75,1665.738,HINDUNILVR,EQ
2018-08-06,1690.0,1767.35,1681.7,1730.3,6584035,11407306406.05,235652,"11,97,1757,45,8726,01,8063,64,73210,37,708",1730.0,1736.7060000000001,HINDUNILVR,EQ
2018-08-13,1730.8,1765.0,1721.35,1728.85,4647926,8113961455.1,253406,"5,77,74810,52,8165,43,5793,81,1323,55,649",1730.4,1745.648,HINDUNILVR,EQ
2018-08-20,1729.0,1808.65,1729.0,1777.0,3833765,6759849559.5,203797,"4,67,6813,64,7007,29,3853,19,601",1773.8,1761.0575,HINDUNILVR,EQ
2018-08-27,1777.0,1798.0,1750.0,1792.3,4038389,7154331914.2,250191,"7,77,0688,72,7414,43,8383,86,297",1791.8,1774.1975,HINDUNILVR,EQ
2018-09-03,1789.0,1791.5,1695.85,1699.1,6436383,11334181068.15,293082,"7,02,3565,19,53511,73,6078,15,75610,02,351",1699.8,1763.352,HINDUNILVR,EQ
2018-09-10,1697.0,1697.95,1596.0,1610.3,11548582,18795406811.5,453323,"23,73,66214,62,6677,94,1498,25,5497,83,485",1614.9,1624.24,HINDUNILVR,EQ
2018-09-17,1613.0,1649.0,1576.05,1605.45,6995873,11254617963.55,322745,"8,72,0458,66,01110,61,1804,60,182",1605.0,1609.6599999999999,HINDUNILVR,EQ
2018-09-24,1622.0,1678.5,1564.1,1590.45,9372082,15335609649.35,344510,"12,16,5057,83,18718,80,1789,95,678",1593.0,1635.9775,HINDUNILVR,EQ
2018-10-01,1600.0,1652.4,1577.05,1642.3,7240050,11709876819.2,309491,"6,36,4034,65,9159,45,75312,12,06510,63,832",1645.0,1616.7,HINDUNILVR,EQ
2018-10-08,1642.0,1642.05,1528.6,1559.35,6395025,10067520763.9,308492,"6,68,9888,82,9148,35,07312,80,225",1560.0,1578.5125,HINDUNILVR,EQ
2018-10-15,1563.0,1592.95,1477.2,1526.3,11321550,17246746955.2,468442,"7,34,43711,83,07110,66,7117,59,08411,24,755",1530.55,1524.346,HINDUNILVR,EQ
2018-10-22,1535.7,1590.0,1526.5,1584.9,4144664,6471412357.849999,211728,"6,36,8425,53,2563,57,8672,50,971",1584.0,1565.135,HINDUNILVR,EQ
2018-10-29,1575.55,1591.75,1522.0,1552.9,6605425,10313626386.25,269263,"5,56,5832,87,10615,54,5296,19,5579,09,917",1553.9,1562.0459999999998,HINDUNILVR,EQ
2018-11-05,1553.9,1648.2,1542.45,1640.05,5979893,9611193779.7,339183,"6,61,7827,64,9614,95,0268,35,9803,57,457",1643.75,1608.65,HINDUNILVR,EQ
2018-11-12,1650.0,1681.95,1620.1,1654.3,2703183,4481598391.6,157834,"2,87,97751,0966,94,6114,44,458",1656.0,1652.7224999999999,HINDUNILVR,EQ
2018-11-19,1644.1,1739.5,1636.55,1701.4,5433048,9240853181.0,269842,"2,11,2566,54,9484,64,7906,84,9174,90,516",1705.1,1695.464,HINDUNILVR,EQ
2018-11-26,1701.0,1750.0,1663.0,1744.0,4795699,8194220259.8,210135,"3,24,4824,80,5743,05,9307,37,424",1740.0,1700.35,HINDUNILVR,EQ
2018-12-03,1738.9,1838.3,1709.25,1825.6,11419210,20172676724.05,446610,"9,10,0426,29,1629,37,87513,35,81314,86,187",1836.0,1755.9099999999999,HINDUNILVR,EQ
2018-12-10,1835.0,1854.8,1788.0,1795.8,11393097,20698846922.45,534322,"13,97,7059,73,40110,09,4727,83,9225,48,580",1800.0,1814.7060000000001,HINDUNILVR,EQ
2018-12-17,1781.0,1869.5,1770.1,1850.7,8027687,14712212664.25,430895,"12,39,1896,53,7387,58,4427,59,0324,75,479",1850.75,1836.816,HINDUNILVR,EQ
2018-12-24,1848.9,1858.0,1777.55,1784.65,7171936,13131559136.45,364533,"10,40,03113,24,5128,98,9649,46,6033,76,414",1788.0,1828.264,HINDUNILVR,EQ
2018-12-31,1760.0,1836.9,1741.25,1819.65,5449130,9800855267.2,208276,"6,42,5538,01,5364,59,6884,12,583",1817.9,1806.8775,HINDUNILVR,EQ
2019-01-07,1824.8,1824.8,1771.3,1784.95,5951842,10656187510.4,251743,"4,38,0729,93,0116,80,8718,62,4096,11,874",1784.0,1791.788,HINDUNILVR,EQ
2019-01-14,1792.0,1799.1,1758.55,1763.9,6033221,10728484491.65,275768,"8,04,4807,78,2038,92,8236,49,6636,75,559",1766.0,1777.532,HINDUNILVR,EQ
2019-01-21,1767.4,1794.8,1727.3,1746.9,10471960,18433381948.1,375100,"12,31,10315,45,5188,95,79612,29,77210,57,378",1745.85,1762.182,HINDUNILVR,EQ
2019-01-28,1746.0,1784.05,1740.15,1743.0,7870688,13864958482.4,361892,"12,27,58312,49,9369,25,0066,60,207-",1746.0,1760.498,HINDUNILVR,EQ
2019-02-04,1745.0,1832.5,1726.1,1802.6,7918698,14060854352.15,377648,"9,05,2737,85,97211,66,48612,05,1264,92,621",1802.65,1773.1799999999998,HINDUNILVR,EQ
2019-02-11,1805.0,1847.0,1795.75,1804.8,5086149,9287391394.4,306221,"6,98,3555,08,9385,23,3688,62,7224,93,336",1812.5,1825.4360000000001,HINDUNILVR,EQ
2019-02-18,1810.0,1814.9,1735.0,1751.9,6249804,11110656648.95,345768,"6,10,5267,23,3897,97,5556,29,8019,60,848",1753.0,1779.6979999999999,HINDUNILVR,EQ
2019-02-25,1750.0,1775.8,1722.0,1770.15,7104943,12440843849.15,397485,"9,63,8819,29,6857,78,4109,77,59810,67,441",1772.0,1751.218,HINDUNILVR,EQ
2019-03-04,1763.4,1785.9,1727.6,1734.65,6338506,11115691490.15,352293,"15,70,6848,30,57412,57,7144,88,995",1735.0,1750.21,HINDUNILVR,EQ
2019-03-11,1739.8,1739.8,1695.1,1714.95,8013714,13715771106.0,418618,"8,53,00915,73,9099,06,2018,38,2069,37,086",1717.0,1712.0580000000002,HINDUNILVR,EQ
2019-03-18,1718.9,1755.5,1686.9,1697.55,9665749,16614893459.5,437150,"13,06,72011,26,2605,78,36522,97,3937,60,107",1697.0,1723.732,HINDUNILVR,EQ
2019-03-25,1697.6,1716.5,1660.0,1673.85,7444652,12582753198.6,285982,"9,52,24615,83,6037,86,09213,27,607",1676.0,1690.0925,HINDUNILVR,EQ
2019-04-01,1679.9,1721.35,1673.4,1690.0,8458426,14328949956.5,364661,"7,84,6937,09,10412,66,44516,40,8956,33,302",1690.0,1693.4060000000002,HINDUNILVR,EQ
2019-04-08,1693.15,1697.0,1650.0,1664.9,6788945,11348590920.15,287517,"6,79,9726,09,7616,97,6678,94,1328,25,191",1661.5,1672.3740000000003,HINDUNILVR,EQ
2019-04-15,1668.8,1731.2,1662.25,1722.05,7452820,12701656695.349998,362782,"9,03,0859,96,21212,75,0408,47,4606,71,125",1722.7,1704.286,HINDUNILVR,EQ
2019-04-22,1726.0,1745.0,1716.15,1739.85,3819071,6636255010.15,200097,"11,67,1358,48,0854,50,495",1738.8,1737.89,HINDUNILVR,EQ
2019-04-29,1742.0,1762.6,1726.15,1747.35,4450291,7753743639.2,189467,"4,60,3698,88,93213,12,4804,70,100",1747.05,1741.8025,HINDUNILVR,EQ
2019-05-06,1750.0,1762.5,1656.0,1668.9,5782179,9846166371.9,342300,"8,92,0384,86,2696,14,63811,37,685",1668.1,1715.3775,HINDUNILVR,EQ
2019-05-13,1678.8,1717.0,1672.5,1702.0,6821933,11575919924.95,440106,"12,48,8588,49,9358,21,1115,81,1356,53,294",1699.1,1696.3380000000002,HINDUNILVR,EQ
2019-05-20,1700.0,1776.65,1666.95,1772.5,6174656,10581709894.3,384143,"9,34,0777,90,2773,48,3978,43,1526,83,529",1772.9,1710.9920000000002,HINDUNILVR,EQ
2019-05-27,1772.9,1804.9,1727.1,1771.95,7028221,12401117775.3,403773,"8,49,3407,36,4369,05,30610,29,3048,53,415",1770.0,1764.9,HINDUNILVR,EQ
2019-06-03,1775.0,1845.0,1754.5,1839.7,7546699,13479003164.95,317639,"20,16,4815,82,8336,15,6268,78,5897,58,644",1838.0,1788.184,HINDUNILVR,EQ
2019-06-10,1831.0,1864.95,1807.1,1852.5,3981837,7309229945.05,255701,"5,13,82210,43,3313,62,1563,91,195",1848.0,1834.865,HINDUNILVR,EQ
2019-06-17,1855.1,1856.8,1804.6,1818.05,3301019,6050397691.9,261424,"3,00,5964,27,3833,91,3513,57,1673,86,052",1817.05,1833.006,HINDUNILVR,EQ
2019-06-24,1810.5,1824.95,1756.7,1764.45,5473553,9772899463.4,329597,"6,47,0423,39,7233,79,21420,80,7614,95,771",1769.85,1791.1619999999998,HINDUNILVR,EQ
2019-07-01,1769.7,1798.9,1745.0,1780.2,4812710,8518647166.150001,282420,"6,39,4207,40,3977,53,9846,15,4702,88,731",1778.7,1770.864,HINDUNILVR,EQ
2019-07-08,1784.0,1816.0,1748.7,1753.55,4101878,7325039853.75,243304,"4,88,0095,73,1333,78,6844,90,8984,29,708",1751.0,1784.3220000000001,HINDUNILVR,EQ
2019-07-15,1752.0,1756.0,1702.0,1716.95,4757387,8233082523.35,275981,"10,22,9723,29,3154,27,0567,10,0944,26,328",1716.5,1729.1299999999999,HINDUNILVR,EQ
2019-07-22,1723.5,1766.0,1659.05,1680.7,6257256,10795178974.349998,297864,"8,74,7296,37,8995,08,6034,78,08610,17,336",1684.7,1728.944,HINDUNILVR,EQ
2019-07-29,1683.0,1749.9,1667.3,1713.3,6935611,11878789305.45,380052,"7,95,19211,65,8675,87,9264,00,6873,48,731",1709.05,1716.152,HINDUNILVR,EQ
2019-08-05,1715.0,1753.45,1701.05,1741.2,5782896,10011446952.65,358778,"4,00,4117,94,1055,97,7545,91,9599,78,057",1741.0,1729.818,HINDUNILVR,EQ
2019-08-12,1731.5,1846.65,1727.55,1841.35,7408717,13240695476.5,368905,"8,61,54917,53,7189,47,00610,53,616",1838.0,1786.545,HINDUNILVR,EQ
2019-08-19,1838.0,1854.15,1802.15,1820.9,6192442,11330040518.6,406452,"13,23,90712,16,8448,81,8524,84,138",1823.0,1829.4724999999999,HINDUNILVR,EQ
2019-08-26,1822.0,1883.7,1813.0,1876.55,7843140,14580794133.699999,296760,"7,21,34113,30,75815,21,5686,45,8553,52,949",1882.15,1857.846,HINDUNILVR,EQ
2019-09-02,1884.0,1889.0,1812.5,1881.9,9634066,17763455737.899998,426061,"17,32,16412,04,38317,58,00510,61,394",1882.45,1845.3825,HINDUNILVR,EQ
2019-09-09,1863.0,1875.8,1814.2,1834.05,5209399,9577149477.85,326092,"7,78,0585,97,3924,90,3822,89,7015,90,883",1835.0,1836.8700000000001,HINDUNILVR,EQ
2019-09-16,1831.0,1847.55,1793.6,1816.3,4163495,7572293779.05,204341,"6,49,7114,06,7397,10,3845,49,092",1810.35,1819.175,HINDUNILVR,EQ
2019-09-23,1814.75,2100.65,1808.25,2039.75,11143432,21717865032.25,538094,"8,53,5303,74,2982,87,00027,11,65722,21,091",2042.3,1895.5120000000002,HINDUNILVR,EQ
2019-09-30,2045.0,2075.0,1971.4,1981.95,11194937,22662219493.45,518006,"9,88,11212,93,37925,25,3109,23,90415,80,224",1984.95,2023.012,HINDUNILVR,EQ
2019-10-07,1989.0,2019.9,1927.65,1940.05,5108140,10042110913.2,351774,"5,17,39910,39,60511,71,7335,14,570",1940.0,1966.6325000000002,HINDUNILVR,EQ
2019-10-14,1950.0,2031.45,1935.6,2014.25,6628514,13186882249.3,262580,"5,87,6897,04,97010,32,6609,99,774",2009.0,1983.0975,HINDUNILVR,EQ
2019-10-21,2050.0,2116.0,2025.8,2106.85,11626953,24086641971.7,456400,"26,48,1229,64,87811,60,65214,54,996",2108.0,2079.96,HINDUNILVR,EQ
2019-10-28,2120.0,2156.5,2098.0,2139.75,5943865,12664789465.7,372974,"13,21,3009,39,3485,52,23611,52,78844,202",2141.5,2132.338,HINDUNILVR,EQ
2019-11-04,2135.0,2187.25,2111.4,2158.15,7311027,15800006943.75,382382,"6,85,3437,08,62912,22,8719,65,13510,90,967",2154.45,2159.844,HINDUNILVR,EQ
2019-11-11,2153.5,2190.0,2068.05,2081.35,7819134,16699014928.3,370903,"15,80,1417,34,19213,63,3739,15,6816,34,180",2080.0,2131.596,HINDUNILVR,EQ
2019-11-18,2084.0,2099.0,2038.0,2056.2,4318494,8933131518.95,239392,"5,41,5079,61,4305,32,5588,16,669",2059.3,2070.0175,HINDUNILVR,EQ
2019-11-25,2060.05,2066.95,2008.0,2062.4,5498450,11202278668.5,300960,"10,28,8505,60,7918,38,9094,46,8114,40,151",2057.9,2037.1680000000001,HINDUNILVR,EQ
2019-12-02,2059.0,2099.9,2029.25,2043.2,8374151,17241654835.7,451244,"25,94,7528,24,3135,60,6338,10,6409,72,383",2046.9,2061.958,HINDUNILVR,EQ
2019-12-09,2041.0,2053.1,1991.2,2008.15,4828286,9794944190.35,289344,"7,83,8236,89,8135,92,8603,57,5324,46,280",2010.3,2028.6260000000002,HINDUNILVR,EQ
2019-12-16,2014.9,2041.6,1968.15,1974.75,6430578,12908117928.1,403024,"10,26,2525,34,7165,95,2607,47,7639,48,353",1974.4,2008.3200000000002,HINDUNILVR,EQ
2019-12-23,1979.0,1994.95,1907.35,1950.4,11187115,21743266111.05,557238,"12,16,35722,03,8289,99,81413,65,0554,33,364",1950.0,1948.1779999999999,HINDUNILVR,EQ
2019-12-30,1952.0,1964.8,1927.5,1937.25,3708190,7210677813.95,242080,"3,21,3514,59,7575,78,4386,86,968",1939.15,1945.17,HINDUNILVR,EQ
2020-01-06,1940.0,1952.6,1911.25,1915.45,4194857,8090162448.050001,266428,"3,60,3922,38,9013,53,76811,17,7063,03,870",1918.5,1929.3400000000001,HINDUNILVR,EQ
2020-01-13,1919.25,1997.85,1906.45,1994.85,7286379,14173090435.4,408496,"4,58,04714,67,83311,49,4276,17,53312,23,943",1994.9,1942.012,HINDUNILVR,EQ
2020-01-20,1995.5,2075.9,1982.4,2062.85,7463304,15158632621.95,385743,"10,03,27912,13,62417,75,0706,70,9164,52,810",2066.05,2034.602,HINDUNILVR,EQ
2020-01-27,2059.75,2079.0,2027.2,2061.35,3785491,7785800553.95,249915,"4,39,7045,44,9954,25,2065,45,8862,53,671",2062.95,2057.148,HINDUNILVR,EQ
2020-02-03,2062.0,2195.55,2020.05,2178.95,11212691,23520116895.649998,597253,"5,17,1794,25,2007,06,40511,47,7559,13,51615,56,723",2175.0,2078.545,HINDUNILVR,EQ
2020-02-10,2177.0,2204.2,2134.05,2159.3,7046604,15249206058.25,333320,"9,17,8948,85,1256,81,2095,55,9737,02,041",2161.85,2163.0860000000002,HINDUNILVR,EQ
2020-02-17,2169.0,2297.6,2147.7,2252.6,11630740,26201970929.1,504048,"4,51,23820,53,39117,79,5999,78,1297,45,987",2254.05,2242.5,HINDUNILVR,EQ
2020-02-24,2252.6,2308.2,2210.1,2215.15,5458874,12295198410.2,292692,"7,55,3525,39,9539,79,2877,87,329",2217.0,2251.81,HINDUNILVR,EQ
2020-03-02,2239.9,2279.7,2141.85,2159.45,13125116,29095467215.6,580738,"10,51,41619,65,96414,17,04925,19,4908,56,781",2167.9,2218.082,HINDUNILVR,EQ
2020-03-09,2171.9,2258.65,2112.0,2121.5,10506293,22910910261.3,554640,"10,51,4658,99,8359,19,23611,60,90915,78,931",2135.0,2179.92,HINDUNILVR,EQ
2020-03-16,2066.0,2169.45,1888.1,1941.9,13133180,26937714873.15,644080,"15,14,07822,58,83318,21,25316,32,400",1938.0,2051.445,HINDUNILVR,EQ
2020-03-23,1955.55,2088.0,1757.3,1869.7,20565863,39962199543.5,1106594,"19,35,53120,06,31427,61,90922,36,92621,86,742",1868.85,1949.098,HINDUNILVR,EQ
2020-03-30,1975.0,2267.65,1930.0,2184.35,18678917,39249874235.6,986726,"33,84,87820,87,42415,08,62911,82,14311,25,255",2189.85,2119.264,HINDUNILVR,EQ
2020-04-06,2234.8,2324.9,2127.95,2154.1,9705436,21505046670.5,517456,"13,71,69510,81,17015,69,735",2153.0,2220.8733333333334,HINDUNILVR,EQ
2020-04-13,2220.0,2614.3,2220.0,2346.45,26321720,63806717324.2,1243656,"45,12,67648,93,07717,50,685-",2350.5,2405.33,HINDUNILVR,EQ
2020-04-20,2425.95,2526.15,2321.0,2336.55,42400035,104191353453.25,1212864,"1,82,90,42324,59,81722,45,79712,05,304",2344.0,2420.3925,HINDUNILVR,EQ
2020-04-27,2283.0,2413.0,2275.65,2320.45,14343519,33460535668.1,715351,"11,60,2778,68,37611,45,9147,43,8156,94,806",2321.35,2328.1220000000003,HINDUNILVR,EQ
2020-05-04,2338.65,2338.65,2066.0,2082.65,22729067,49562155162.0,1033044,"5,67,93214,06,77435,54,06934,39,030",2087.05,2210.7974999999997,HINDUNILVR,EQ
2020-05-11,2101.2,2121.0,1902.0,2048.0,222361274,432058704687.10004,2102652,"17,71,11717,78,93213,99,43,80583,28,46544,55,132",2044.7,2030.598,HINDUNILVR,EQ
2020-05-18,2020.0,2075.0,1975.4,2005.25,44991319,90369494702.55,1605644,"1,02,89,55045,93,11548,49,80032,16,93252,20,095",2004.7,2010.3880000000001,HINDUNILVR,EQ
2020-05-25,2018.0,2024.8,1955.2,1987.9,19492236,38690184139.8,799472,"33,90,82219,79,28724,02,96732,90,428",1990.5,1985.0575,HINDUNILVR,EQ
2020-06-01,2004.95,2143.0,1961.0,2108.55,29763392,60522573684.8,1126782,"30,07,45925,54,73734,43,11954,69,99932,78,414",2108.6,2026.9260000000002,HINDUNILVR,EQ
2020-06-08,2122.0,2149.0,2078.1,2111.7,18709070,39470893045.05,856964,"18,10,83121,56,95718,67,89415,57,31322,64,424",2110.3,2109.23,HINDUNILVR,EQ
2020-06-15,2100.0,2144.8,2056.8,2084.3,13286140,28049542246.55,626510,"13,95,84810,69,14713,37,9018,13,96611,71,089",2079.5,2110.9139999999998,HINDUNILVR,EQ
2020-06-22,2109.8,2120.0,2054.05,2100.8,14587948,30404361623.8,549284,"12,99,15010,87,99212,08,18722,80,21212,92,663",2100.05,2084.4759999999997,HINDUNILVR,EQ
2020-06-29,2115.0,2195.9,2101.6,2182.95,22011852,47555055058.5,767870,"16,33,80012,40,72350,08,75415,90,71713,11,392",2180.5,2159.534,HINDUNILVR,EQ
2020-07-06,2193.8,2199.95,2145.0,2161.6,10816928,23446829461.5,490144,"11,43,1436,91,14613,97,1658,06,32612,49,652",2162.0,2168.298,HINDUNILVR,EQ
2020-07-13,2175.5,2275.0,2125.0,2265.25,16140838,35593571668.100006,673691,"11,61,32616,86,42810,40,69012,01,08524,63,365",2263.0,2197.3059999999996,HINDUNILVR,EQ
2020-07-20,2264.8,2343.3,2226.6,2330.95,13278018,30401225625.25,606801,"14,52,63312,66,13513,18,81315,05,35312,75,884",2330.0,2286.768,HINDUNILVR,EQ
2020-07-27,2348.0,2350.0,2168.05,2221.5,20337548,45707806510.6,832530,"12,70,09126,37,33417,01,60016,58,1957,13,553",2221.5,2246.2599999999998,HINDUNILVR,EQ
2020-08-03,2230.95,2262.2,2178.0,2204.5,9418698,20923399710.949997,403963,"5,30,2049,64,32811,11,3838,26,8848,84,767",2204.5,2220.44,HINDUNILVR,EQ
2020-08-10,2209.9,2234.8,2175.1,2206.75,8776182,19379012444.5,438945,"10,26,9739,01,4067,41,5108,93,7817,43,549",2205.0,2208.2940000000003,HINDUNILVR,EQ
2020-08-17,2209.05,2233.0,2165.05,2196.05,7190358,15813821409.3,328547,"7,29,4925,31,0418,27,8046,68,0668,87,640",2201.5,2198.7760000000003,HINDUNILVR,EQ
2020-08-24,2204.0,2221.5,2176.15,2194.4,7732959,17000439597.5,341823,"6,70,2897,41,2439,57,6586,97,58110,86,991",2195.9,2198.972,HINDUNILVR,EQ
2020-08-31,2194.4,2197.9,2100.65,2117.35,11569783,25004898474.45,490856,"10,15,18213,45,92611,14,68611,13,80916,62,536",2110.0,2165.3599999999997,HINDUNILVR,EQ
2020-09-07,2149.95,2185.0,2103.75,2162.6,8950053,19192378037.05,414657,"8,31,1378,32,3998,49,6868,22,9317,05,586",2165.05,2143.348,HINDUNILVR,EQ
2020-09-14,2154.0,2171.35,2110.0,2123.5,9983671,21364784708.3,475097,"11,60,19312,18,78212,51,1658,04,62012,65,188",2121.0,2140.642,HINDUNILVR,EQ
2020-09-21,2136.9,2158.95,2022.1,2037.8,13012735,27307564167.05,639548,"6,01,98411,76,17711,15,93727,30,92619,66,390",2035.0,2107.934,HINDUNILVR,EQ
2020-09-28,2040.55,2111.0,2000.05,2063.3,12607376,25937654211.15,684730,"12,96,40213,60,23223,34,11011,80,3957,61,758",2068.0,2057.438,HINDUNILVR,EQ
2020-10-05,2065.0,2123.3,2024.75,2111.05,8493961,17644131077.55,334980,"12,36,5738,31,0368,96,4368,04,700",2113.0,2079.595,HINDUNILVR,EQ
2020-10-12,2119.0,2166.95,2108.05,2138.4,9467682,20241624705.95,413669,"7,15,59111,91,2447,97,89611,19,82311,14,159",2140.3,2138.2,HINDUNILVR,EQ
2020-10-19,2137.95,2185.0,2128.0,2177.8,9393120,20257814088.05,404009,"10,40,05511,07,30112,54,1277,95,2397,76,707",2184.5,2156.578,HINDUNILVR,EQ
2020-10-26,2182.1,2208.5,2132.55,2166.75,16894291,36605641749.85,792275,"21,43,99022,46,81815,49,52818,78,3387,43,774",2168.5,2164.266,HINDUNILVR,EQ
2020-11-02,2157.0,2189.0,2056.0,2072.0,9725200,20678443895.85,444704,"14,38,0068,52,63111,14,54312,73,6027,93,369",2078.95,2124.678,HINDUNILVR,EQ
2020-11-09,2091.8,2137.65,2043.0,2132.55,10113332,21157088849.35,527263,"14,52,8807,34,94412,48,18212,02,47513,25,032",2130.0,2090.612,HINDUNILVR,EQ
2020-11-16,2140.0,2218.4,2092.5,2187.7,11299598,24326584360.05,543784,"13,12,72716,22,86514,54,78810,55,25292,465",2188.0,2158.496,HINDUNILVR,EQ
2020-11-23,2220.35,2220.35,2095.0,2129.4,14824857,31661190164.1,637760,"17,41,90020,15,94015,86,11216,88,37217,63,722",2132.0,2136.498,HINDUNILVR,EQ
2020-11-30,2132.0,2171.0,2122.4,2138.2,11095033,23795104366.2,454128,"9,63,03910,31,4439,09,83643,85,336",2140.25,2144.77,HINDUNILVR,EQ
2020-12-07,2159.0,2259.6,2120.1,2256.15,15190379,32955632232.3,722598,"13,63,58510,11,32422,52,03219,40,77621,72,227",2255.0,2161.328,HINDUNILVR,EQ
2020-12-14,2259.5,2391.4,2240.15,2370.75,12120321,28084388072.2,572368,"15,08,18611,71,82113,86,09913,53,3727,97,372",2365.0,2320.782,HINDUNILVR,EQ
2020-12-21,2361.0,2363.95,2265.1,2305.95,10101638,23503741016.75,543110,"10,62,9016,55,6779,93,00112,76,0809,10,380",2295.0,2326.798,HINDUNILVR,EQ
2020-12-28,2310.0,2417.4,2281.0,2388.9,7345965,17329596097.05,395348,"7,68,1257,48,97911,15,4135,61,294",2391.95,2356.545,HINDUNILVR,EQ
2021-01-04,2395.0,2430.0,2354.2,2426.5,7828317,18767317082.15,409290,"7,98,3766,92,4449,23,5752,63,3827,32,430",2427.15,2396.766,HINDUNILVR,EQ
2021-01-11,2405.0,2456.95,2360.8,2429.1,11987431,28862685199.85,585560,"12,02,7598,21,70413,83,07116,79,13316,64,561",2430.2,2409.222,HINDUNILVR,EQ
2021-01-18,2429.8,2433.1,2320.65,2332.6,9636615,22891225695.2,534114,"12,15,0527,46,21210,65,05912,35,3489,84,021",2323.0,2374.684,HINDUNILVR,EQ
2021-01-25,2342.0,2432.35,2323.25,2399.6,9069477,21635480770.45,524408,"7,90,4607,25,6647,13,19114,54,7159,32,255",2398.05,2380.996,HINDUNILVR,EQ
2021-02-01,2425.0,2425.0,2226.2,2248.6,13517917,31178038636.85,678061,"9,39,27514,60,93924,77,38016,38,783",2255.0,2309.9175,HINDUNILVR,EQ
2021-02-08,2271.05,2288.7,2205.0,2236.65,16294653,36616374894.45,745345,"24,51,3719,21,24716,34,31323,71,33816,40,042",2237.0,2246.886,HINDUNILVR,EQ
2021-02-15,2247.0,2272.25,2210.5,2215.2,10682982,23919322306.95,479785,"20,18,28310,20,4989,32,0035,68,82015,77,722",2217.9,2240.8900000000003,HINDUNILVR,EQ
2021-02-22,2227.0,2229.05,2143.2,2167.6,14092171,30669994509.300003,705664,"14,63,63114,68,08923,19,37713,47,42416,84,694",2166.45,2177.786,HINDUNILVR,EQ
2021-03-01,2185.0,2192.35,2120.0,2143.4,9728217,21005157213.25,523419,"15,09,2725,71,06213,74,24320,28,6157,15,403",2152.6,2160.954,HINDUNILVR,EQ
2021-03-08,2162.0,2216.1,2140.55,2174.55,9988504,21839432510.6,455532,"13,36,75013,45,16214,04,05912,24,2116,84,774",2170.0,2186.75,HINDUNILVR,EQ
2021-03-15,2176.0,2239.9,2162.05,2210.85,8078945,17838103815.350002,386036,"9,24,88415,47,49713,61,7529,56,410",2208.7,2205.8025,HINDUNILVR,EQ
2021-03-22,2221.35,2356.5,2191.5,2353.2,16787791,37998101222.65,580970,"19,60,81928,67,13017,03,94335,40,68413,93,160",2352.0,2263.1220000000003,HINDUNILVR,EQ
2021-03-29,2363.0,2372.95,2231.05,2317.9,8158424,18852786266.2,458650,"12,19,52310,65,50115,15,4239,16,241",2307.05,2314.5375,HINDUNILVR,EQ
2021-04-05,2325.0,2446.8,2325.0,2373.2,10115061,24253582173.65,514690,"19,70,42116,76,5428,79,83318,26,014",2375.1,2400.1225,HINDUNILVR,EQ
2021-04-12,2382.3,2488.25,2377.35,2462.0,12078826,29347524017.649998,447647,"28,80,0679,50,53211,69,31811,63,76214,33,992",2460.0,2431.0099999999998,HINDUNILVR,EQ
2021-04-19,2470.0,2505.9,2414.05,2436.65,8135993,19952787869.35,341592,"10,09,63323,18,2096,64,69210,47,352",2418.8,2453.0275,HINDUNILVR,EQ
2021-04-26,2456.0,2456.0,2300.0,2360.65,7207396,16946602770.65,353792,"9,47,8169,60,17112,28,97512,89,103",2367.7,2353.9325,HINDUNILVR,EQ
2021-05-03,2363.0,2448.95,2330.25,2408.0,12473838,29831699277.2,561343,"10,89,88210,24,2169,46,64820,38,2887,03,310",2401.6,2393.472,HINDUNILVR,EQ
2021-05-10,2409.2,2446.95,2368.65,2432.9,6245721,15001832144.3,322278,"7,72,8155,73,5728,59,7975,75,6985,67,033",2431.25,2403.8579999999997,HINDUNILVR,EQ
2021-05-17,2425.0,2426.0,2325.05,2376.25,5273222,12465412113.5,373714,"6,21,30211,86,2465,74,3434,06,737",2375.45,2370.565,HINDUNILVR,EQ
2021-05-24,2402.1,2408.35,2325.25,2336.55,5299903,12497930385.05,344357,"7,06,2188,38,0644,94,9284,54,6597,89,702",2337.6,2357.702,HINDUNILVR,EQ
2021-05-31,2355.0,2370.2,2319.35,2340.05,8058763,18830664884.75,408628,"5,78,0264,93,83730,58,5158,16,2377,70,435",2341.0,2341.132,HINDUNILVR,EQ
2021-06-07,2347.0,2373.65,2330.6,2339.3,5535169,12999351173.55,343263,"6,52,3057,26,3404,67,0868,27,4707,94,272",2340.0,2349.058,HINDUNILVR,EQ
2021-06-14,2339.3,2399.95,2335.15,2364.6,7013590,16592201396.3,330435,"7,11,3985,87,6509,03,4447,20,96110,94,365",2366.2,2363.626,HINDUNILVR,EQ
2021-06-21,2360.0,2529.0,2360.0,2514.35,11368936,27814826285.050003,524011,"7,71,49011,62,6139,01,18424,78,25513,07,031",2507.05,2434.726,HINDUNILVR,EQ
2021-06-28,2518.1,2533.95,2437.3,2460.2,5549080,13776252190.4,330555,"11,44,4706,05,6583,63,0526,92,9023,93,020",2462.0,2477.874,HINDUNILVR,EQ
2021-07-05,2455.0,2513.4,2445.0,2499.05,5158616,12791018554.75,358419,"7,61,8847,79,0574,84,3685,47,1754,94,354",2500.0,2480.2079999999996,HINDUNILVR,EQ
2021-07-12,2490.0,2497.95,2430.0,2444.15,3281345,8063105577.65,273483,"2,56,1353,28,0256,65,1822,45,6772,87,132",2440.3,2459.3720000000003,HINDUNILVR,EQ
2021-07-19,2455.0,2455.55,2398.5,2408.65,4075295,9859297126.5,286963,"8,00,03110,08,4384,30,4593,09,4172,47,076",2405.5,2417.334,HINDUNILVR,EQ
2021-07-26,2403.0,2508.0,2338.0,2348.7,7436644,17885756494.8,490849,"3,95,70411,79,8178,73,8919,82,271",2350.75,2396.36,HINDUNILVR,EQ
2021-08-02,2348.7,2371.4,2318.0,2332.8,6520168,15280247224.95,397755,"12,63,4374,86,3226,41,91411,10,3918,51,664",2332.95,2344.8059999999996,HINDUNILVR,EQ
2021-08-09,2330.0,2395.0,2326.1,2384.5,6598344,15661096543.9,342185,"11,58,38010,02,9326,30,00710,85,2406,41,339",2382.75,2373.978,HINDUNILVR,EQ
2021-08-16,2394.0,2436.85,2359.1,2426.4,5767496,13804851351.2,319835,"6,10,0299,74,4477,23,8817,49,6267,22,094",2423.0,2393.858,HINDUNILVR,EQ
2021-08-23,2433.0,2672.85,2431.05,2634.15,11410692,29145793156.7,587255,"11,68,92910,40,50824,96,8938,43,497",2628.1,2538.255,HINDUNILVR,EQ
2021-08-30,2634.0,2705.75,2610.0,2687.7,7691134,20451836998.45,372548,"9,52,4429,56,4927,76,5926,97,0396,62,534",2683.0,2660.602,HINDUNILVR,EQ
2021-09-06,2687.9,2825.0,2675.65,2780.6,9264667,25547457693.4,486774,"15,14,20410,70,02810,91,7799,98,2218,70,268",2780.0,2762.2799999999997,HINDUNILVR,EQ
2021-09-13,2788.6,2823.65,2765.1,2786.35,4387492,12257039370.5,284963,"8,06,1985,54,6684,49,2358,98,868",2787.0,2794.5325000000003,HINDUNILVR,EQ
2021-09-20,2802.0,2809.0,2699.0,2800.35,10142969,28030359804.05,423218,"12,52,7879,53,7177,92,87622,81,59614,44,396",2800.6,2766.168,HINDUNILVR,EQ
2021-09-27,2810.0,2859.3,2704.5,2709.5,8013720,22303355238.3,488153,"9,05,87910,56,7556,18,57110,35,95510,14,019",2718.0,2778.83,HINDUNILVR,EQ
2021-10-04,2725.0,2754.45,2677.0,2686.2,6183261,16704206395.75,400313,"6,27,2539,98,75111,56,6916,19,4716,99,750",2688.0,2701.95,HINDUNILVR,EQ
2021-10-11,2686.2,2734.0,2625.4,2645.1,5174264,13801894033.7,411353,"2,93,6684,29,0048,15,74011,76,3067,93,156",2648.9,2674.6639999999998,HINDUNILVR,EQ
2021-10-18,2625.0,2693.6,2620.0,2654.0,6751330,17920207521.1,379504,"8,33,28912,52,68014,62,71412,19,438",2652.75,2654.5425,HINDUNILVR,EQ
2021-10-25,2669.9,2732.0,2410.0,2455.85,16956422,42856573621.4,923432,"18,64,15331,79,19323,72,70511,92,6209,97,478",2460.0,2498.784,HINDUNILVR,EQ
2021-11-01,2468.9,2468.9,2368.0,2407.1,11089244,26615886823.7,684086,"10,27,79424,36,27013,84,58418,04,04714,14,254",2410.9,2400.674,HINDUNILVR,EQ
2021-11-08,2415.0,2449.0,2386.2,2431.9,5743013,13857548397.55,329277,"9,61,91110,87,8951,72,51619,56,220",2434.0,2414.925,HINDUNILVR,EQ
2021-11-15,2439.8,2446.2,2366.2,2424.75,7434078,17884452739.8,418912,"13,22,01013,90,6888,61,53111,43,2326,46,621",2425.0,2405.684,HINDUNILVR,EQ
2021-11-22,2434.65,2434.65,2370.0,2388.55,5068251,12140306471.6,312750,"8,01,3096,69,7078,21,90011,59,438",2391.2,2395.915,HINDUNILVR,EQ
2021-11-29,2387.8,2406.0,2284.7,2329.4,8470395,19902665229.649998,522539,"13,58,7516,35,3428,76,41316,73,63510,92,735",2322.0,2352.966,HINDUNILVR,EQ
2021-12-06,2322.0,2389.9,2301.0,2306.5,9836640,23042383836.2,484722,"27,56,8108,03,14312,42,80112,03,5847,18,052",2303.5,2344.978,HINDUNILVR,EQ
2021-12-13,2327.9,2352.0,2301.0,2304.35,4981181,11586053523.6,338419,"5,17,6215,78,9154,09,7924,56,88613,34,286",2305.0,2328.652,HINDUNILVR,EQ
2021-12-20,2305.0,2325.3,2201.15,2269.1,7515573,17055698273.7,528667,"8,25,6594,30,2306,25,89615,60,57210,78,540",2270.0,2284.09,HINDUNILVR,EQ
2021-12-27,2290.0,2317.4,2252.75,2301.4,6155906,14079298337.55,343040,"8,91,7739,30,7367,52,3772,77,7163,65,711",2302.0,2289.428,HINDUNILVR,EQ
2022-01-03,2310.0,2378.0,2296.65,2361.3,5160532,12026081179.5,242917,"5,11,7568,58,7076,80,5677,19,4265,82,494",2362.85,2331.384,HINDUNILVR,EQ
2022-01-10,2368.95,2425.0,2355.35,2407.05,5831321,13996922798.7,369990,"10,41,8338,50,4598,28,7457,48,1507,00,748",2407.15,2401.3540000000003,HINDUNILVR,EQ
2022-01-17,2417.15,2421.9,2345.0,2389.55,6903430,16538210296.7,336078,"9,89,91511,92,87612,53,3009,05,8855,30,384",2390.5,2394.492,HINDUNILVR,EQ
2022-01-24,2408.7,2408.7,2243.0,2284.6,13469698,31051391989.5,741166,"11,26,86516,04,90518,06,68023,14,77714,40,007",2282.0,2312.144,HINDUNILVR,EQ
2022-01-31,2283.5,2333.7,2240.9,2273.75,8071613,18512595481.6,526199,"12,25,33818,64,96814,51,92612,17,210",2276.95,2293.1375,HINDUNILVR,EQ
2022-02-07,2303.3,2333.0,2237.0,2257.6,6186621,14209365092.75,415026,"7,43,3978,15,06010,02,9036,08,2957,34,718",2258.0,2296.362,HINDUNILVR,EQ
2022-02-14,2268.0,2285.0,2207.0,2228.55,7196908,16226980435.9,460946,"7,59,6257,33,0488,30,16615,52,46812,42,414",2223.0,2256.694,HINDUNILVR,EQ
2022-02-21,2247.95,2327.8,2222.55,2294.8,5026744,11522310730.25,313523,"8,82,1786,75,7524,61,5805,57,8554,39,191",2290.0,2294.682,HINDUNILVR,EQ
2022-02-28,2280.0,2280.0,2120.0,2172.1,9752471,21431064645.1,547033,"5,15,63210,33,39521,44,16013,37,23614,78,393",2175.55,2211.04,HINDUNILVR,EQ
2022-03-07,2128.95,2167.95,1927.0,1943.95,13704257,27866622592.25,873999,"13,60,16815,64,06945,23,59719,13,294",1944.0,2052.475,HINDUNILVR,EQ
2022-03-14,1924.55,2114.0,1901.55,2059.3,15182776,30864914780.05,745721,"20,82,57718,73,67732,39,30616,15,19011,04,239",2059.75,2031.116,HINDUNILVR,EQ
2022-03-21,2045.0,2116.7,2025.0,2051.2,9870579,20404742976.2,469304,"15,60,80117,73,00117,52,7449,76,256",2050.0,2066.035,HINDUNILVR,EQ
2022-03-28,2053.75,2053.75,1931.3,1975.1,15651309,30948727156.05,788369,"29,99,13119,33,50720,91,89813,70,16711,06,004",1979.25,1972.4119999999998,HINDUNILVR,EQ
2022-04-04,1980.0,2132.45,1974.05,2128.45,8674493,17740776164.65,448959,"7,27,1018,58,32815,77,03411,42,6788,40,301",2127.0,2041.6799999999998,HINDUNILVR,EQ
2022-04-11,2144.5,2194.1,2121.3,2163.05,7912068,17086721016.45,418862,"7,35,93811,70,18412,65,52711,71,8828,18,260",2160.0,2158.844,HINDUNILVR,EQ
2022-04-18,2140.9,2182.9,2125.0,2177.65,4269965,9198234229.6,207380,"8,97,8156,23,14312,36,817",2174.65,2151.933333333334,HINDUNILVR,EQ
2022-04-25,2185.7,2206.85,2047.0,2100.75,11490751,24701366263.0,466698,"11,31,0719,13,73216,91,46627,80,43712,73,367",2106.25,2150.62,HINDUNILVR,EQ
2022-05-02,2142.2,2290.0,2103.5,2230.5,13749164,30338253583.6,655165,"8,95,01613,29,89425,62,65513,77,4017,88,915",2227.5,2196.964,HINDUNILVR,EQ
2022-05-09,2241.95,2250.85,2106.2,2116.65,5636862,12157444415.7,324333,"8,76,7934,85,9998,95,7756,85,705",2119.0,2156.71,HINDUNILVR,EQ
2022-05-16,2134.0,2221.95,2109.2,2217.25,9006440,19547677085.0,535207,"10,44,1309,63,9348,77,04511,47,0558,09,994",2216.65,2170.3599999999997,HINDUNILVR,EQ
2022-05-23,2237.9,2388.0,2221.3,2379.8,10889964,25084340239.2,561571,"12,42,31612,49,7959,57,71616,32,13514,41,278",2380.0,2299.116,HINDUNILVR,EQ
2022-05-30,2380.0,2380.0,2258.0,2348.95,9212907,21268984386.65,426236,"20,84,30513,30,90513,85,9965,30,7534,60,618",2347.0,2313.0060000000003,HINDUNILVR,EQ
2022-06-06,2360.0,2413.8,2247.6,2280.5,10758621,24868705342.65,419333,"20,99,25710,80,4967,11,2528,92,38412,44,030",2276.0,2305.942,HINDUNILVR,EQ
2022-06-13,2250.0,2259.85,2156.0,2196.9,8200862,18044646151.65,381301,"11,24,5147,87,3499,92,89610,31,2917,84,143",2197.0,2199.464,HINDUNILVR,EQ
2022-06-20,2190.85,2213.95,2100.0,2195.9,9652526,20772963548.75,536249,"10,32,9698,44,1837,27,10921,27,0259,05,245",2190.65,2156.4480000000003,HINDUNILVR,EQ
2022-06-27,2195.0,2331.85,2172.15,2320.65,8313757,18736867697.2,386435,"8,45,44411,50,9518,93,23010,43,4698,49,680",2325.0,2253.978,HINDUNILVR,EQ
2022-07-04,2320.65,2378.3,2203.6,2375.2,9120091,20766055317.1,467524,"8,77,85310,72,58315,33,3196,48,76314,81,329",2370.0,2275.804,HINDUNILVR,EQ
2022-07-11,2384.5,2531.0,2371.6,2490.6,13500954,33320632865.399998,579106,"16,15,32831,16,24621,25,6555,77,5999,49,156",2491.0,2469.932,HINDUNILVR,EQ
2022-07-18,2475.0,2605.0,2444.45,2553.5,9872427,24860612520.0,525002,"6,75,31614,46,8329,25,07111,08,2107,59,552",2551.0,2512.418,HINDUNILVR,EQ
2022-07-25,2549.95,2654.0,2522.75,2623.6,10636314,27706623682.149998,601053,"7,13,07221,44,34511,09,30812,61,7247,37,142",2616.0,2606.152,HINDUNILVR,EQ
2022-08-01,2625.0,2645.0,2525.0,2593.0,7554740,19598456775.4,442402,"10,32,0517,55,1187,83,5928,22,5939,35,753",2597.0,2594.762,HINDUNILVR,EQ
2022-08-08,2600.0,2664.0,2597.9,2650.35,6518399,17144634277.8,481755,"7,39,57710,22,9237,69,6986,56,4416,33,937",2650.0,2631.38,HINDUNILVR,EQ
2022-08-15,2650.35,2676.7,2585.1,2594.95,3383150,8867787959.0,269754,"6,36,1644,34,5319,14,303",2591.0,2624.1,HINDUNILVR,EQ
2022-08-22,2607.95,2715.0,2590.55,2626.7,7496390,19935809406.1,415829,"10,66,50010,91,3979,07,0188,25,2388,09,170",2624.7,2658.694,HINDUNILVR,EQ
2022-08-29,2602.05,2629.7,2550.0,2575.8,6152952,15941064070.2,362086,"8,42,2117,35,7856,85,0746,44,3288,32,000",2582.0,2590.862,HINDUNILVR,EQ
2022-09-05,2588.7,2667.0,2585.0,2600.6,6141886,16076478945.3,308054,"14,75,19011,20,8755,45,7778,63,732",2598.0,2612.9075000000003,HINDUNILVR,EQ
2022-09-12,2591.2,2647.0,2560.8,2580.4,6981425,18065096530.25,303304,"8,04,4658,59,9465,67,1688,31,72410,06,890",2577.25,2585.37,HINDUNILVR,EQ
2022-09-19,2598.0,2609.0,2508.05,2579.25,7835635,20078562151.95,426347,"9,00,98110,19,7677,90,03217,82,9267,19,582",2580.0,2566.27,HINDUNILVR,EQ
2022-09-26,2598.6,2729.0,2579.6,2660.55,10301964,27414822292.95,528784,"7,61,22810,62,86115,69,76911,35,68314,58,142",2668.9,2655.136,HINDUNILVR,EQ
2022-10-03,2676.0,2734.0,2617.55,2622.5,8467615,22763174200.45,505897,"10,63,4419,68,10013,97,0657,86,61011,29,756",2621.9,2687.59,HINDUNILVR,EQ
2022-10-10,2650.0,2692.3,2542.0,2605.6,5149941,13495937544.9,406319,"5,69,06610,65,4225,35,1686,01,607",2603.75,2616.2225,HINDUNILVR,EQ
2022-10-17,2610.0,2624.9,2545.0,2590.55,4546441,11745627824.5,376484,"7,32,5084,78,0254,52,6635,61,9234,43,580",2588.0,2583.984,HINDUNILVR,EQ
2022-10-24,2620.0,2666.75,2550.0,2573.1,6971688,18236423768.85,349813,"6,70,3238,25,97610,10,88714,29,4113,02,362",2574.25,2607.138,HINDUNILVR,EQ
2022-10-31,2586.0,2586.0,2488.0,2550.7,7259512,18332049387.65,369580,"20,72,41311,23,7657,15,1808,74,959",2558.2,2528.175,HINDUNILVR,EQ
2022-11-07,2569.0,2575.85,2501.4,2532.8,5521600,13992734730.8,324573,"8,53,0178,21,0474,47,9366,76,3288,96,124",2530.0,2533.656,HINDUNILVR,EQ
2022-11-14,2510.0,2546.8,2455.15,2457.8,6195574,15486811687.55,312599,"9,79,93010,15,5787,90,96216,15,246",2458.0,2503.8825,HINDUNILVR,EQ
2022-11-21,2457.8,2512.0,2428.1,2501.4,6279760,15501232747.2,339890,"11,27,3248,32,4104,88,6376,12,4548,18,797",2502.1,2468.982,HINDUNILVR,EQ
2022-11-28,2505.9,2560.0,2497.0,2525.2,4269731,10782271754.75,267407,"4,96,2484,85,3715,94,0544,32,3015,98,327",2526.0,2524.7,HINDUNILVR,EQ
2022-12-05,2527.2,2698.0,2527.2,2619.85,11659172,30731132097.5,539282,"12,20,93925,45,5798,84,75415,00,15710,51,823",2620.0,2632.102,HINDUNILVR,EQ
2022-12-12,2606.8,2741.6,2603.85,2717.25,8214427,22135577091.45,468968,"8,58,96713,16,5078,06,64811,41,9607,26,354",2714.0,2694.05,HINDUNILVR,EQ
2022-12-19,2717.0,2720.0,2648.45,2718.1,6484224,17427353738.35,411573,"9,29,3835,17,9556,48,13511,88,89210,76,503",2713.2,2687.4900000000002,HINDUNILVR,EQ
2022-12-26,2706.0,2706.05,2606.75,2617.45,4254072,11262743148.35,310313,"4,37,2034,32,6085,97,3607,77,0243,17,085",2617.55,2648.286,HINDUNILVR,EQ
2023-01-02,2625.0,2634.9,2538.05,2558.4,4417609,11357717160.4,293735,"4,39,4605,02,9468,96,5103,46,7713,78,004",2556.25,2571.98,HINDUNILVR,EQ
2023-01-09,2550.05,2629.45,2527.05,2624.05,6761845,17369838370.4,439091,"4,89,58712,41,33612,14,2345,98,7638,78,621",2620.55,2569.96,HINDUNILVR,EQ
2023-01-16,2624.05,2653.35,2566.65,2597.1,6866687,17907421514.8,485173,"10,38,7329,61,36311,86,7628,63,0146,14,583",2601.0,2608.486,HINDUNILVR,EQ
2023-01-23,2605.45,2693.5,2536.05,2596.4,11538691,30163166207.0,635910,"10,35,91716,64,53310,66,98624,67,3327,00,527",2595.7,2625.894,HINDUNILVR,EQ
2023-01-30,2604.0,2646.55,2530.2,2568.15,7379693,19095318515.75,480876,"9,63,46510,15,71511,20,47818,58,693",2572.9,2593.7225,HINDUNILVR,EQ
2023-02-06,2568.0,2657.45,2541.2,2637.6,9697760,25207048650.0,629799,"16,40,25713,46,18013,76,88711,12,99211,69,708",2640.0,2602.5860000000002,HINDUNILVR,EQ
2023-02-13,2645.0,2645.55,2550.0,2581.0,6329721,16367326040.45,433718,"11,09,7146,34,9707,00,79211,70,5588,00,135",2576.05,2585.446,HINDUNILVR,EQ
2023-02-20,2585.0,2602.0,2506.9,2511.45,7963787,20280423838.85,461515,"15,16,51414,45,53814,72,9049,31,3643,24,447",2511.75,2541.616,HINDUNILVR,EQ
2023-02-27,2528.0,2543.95,2456.0,2468.15,4092301,10212296251.0,305501,"4,97,6795,09,5084,36,6564,84,5185,44,403",2468.0,2495.312,HINDUNILVR,EQ
2023-03-06,2469.75,2498.85,2435.65,2484.85,5965478,14708969882.4,346057,"11,77,3826,66,4605,06,2987,66,8989,55,708",2486.0,2465.736,HINDUNILVR,EQ
2023-03-13,2487.0,2501.4,2445.0,2455.1,4573823,11300773433.15,270132,"10,64,5937,46,4674,89,8938,72,153",2454.9,2469.115,HINDUNILVR,EQ
2023-03-20,2462.0,2516.65,2393.0,2511.2,8305144,20334887920.550003,526719,"8,62,20210,90,5669,38,88215,32,1408,77,531",2508.9,2449.136,HINDUNILVR,EQ
2023-03-27,2515.0,2523.25,2454.4,2499.0,7074094,17571591419.9,347053,"8,59,7147,04,21511,29,37010,55,58810,26,272",2490.8,2483.068,HINDUNILVR,EQ
2023-04-03,2509.8,2570.0,2471.9,2536.1,7089856,17880232728.0,429364,"10,12,52719,26,98616,29,9145,59,784",2535.0,2521.13,HINDUNILVR,EQ
2023-04-10,2512.5,2588.55,2502.0,2532.15,3140348,8026302002.8,166222,"8,64,4564,16,3275,64,907",2527.8,2556.3633333333332,HINDUNILVR,EQ
2023-04-17,2540.0,2579.0,2518.65,2551.85,4851681,12342608340.65,331520,"6,08,0176,72,8298,38,22210,26,876",2555.5,2542.67,HINDUNILVR,EQ
2023-04-24,2560.0,2560.0,2475.1,2499.75,7138478,17919049361.35,377860,"9,87,1508,58,2969,28,6958,83,81213,79,522",2500.6,2510.614,HINDUNILVR,EQ
2023-05-01,2490.85,2522.0,2419.0,2457.3,9452821,23311132857.65,485417,"12,96,0849,18,62416,63,03124,74,321",2458.0,2475.5675,HINDUNILVR,EQ
2023-05-08,2471.8,2526.85,2450.0,2516.3,6496418,16164008357.8,494789,"13,44,1246,88,7547,62,5309,92,3986,68,000",2516.95,2491.548,HINDUNILVR,EQ
2023-05-15,2525.0,2670.75,2500.05,2662.25,9157407,23583876673.55,602918,"12,72,08410,37,6779,51,58114,12,89511,03,359",2659.1,2575.7879999999996,HINDUNILVR,EQ
2023-05-22,2670.0,2678.4,2600.65,2638.1,5694365,15075368375.4,390614,"10,56,5744,38,8255,67,5556,48,0394,52,110",2636.0,2647.052,HINDUNILVR,EQ
2023-05-29,2632.0,2679.55,2580.55,2650.3,4050307,10636317657.85,319106,"4,63,2373,80,1846,51,0496,30,2754,39,251",2649.5,2628.84,HINDUNILVR,EQ
2023-06-05,2655.5,2738.2,2638.0,2695.8,8386886,22521252460.350002,464315,"6,77,59425,90,9499,68,97611,35,5067,31,563",2702.0,2689.318,HINDUNILVR,EQ
2023-06-12,2700.0,2727.0,2620.1,2643.45,5196690,13906759493.15,352353,"3,53,5057,33,5504,69,2467,56,7324,02,355",2649.8,2675.202,HINDUNILVR,EQ
2023-06-19,2629.6,2724.0,2627.5,2683.25,7970772,21445811217.399998,491614,"11,57,2788,85,9659,73,15412,71,3656,78,508",2689.25,2690.224,HINDUNILVR,EQ
2023-06-26,2670.0,2706.85,2627.45,2652.1,4911085,13077927525.75,327637,"7,67,5218,53,5375,26,5587,34,3293,99,317",2653.7,2661.386,HINDUNILVR,EQ
2023-07-03,2652.1,2705.85,2636.0,2701.05,4226166,11273963175.95,295863,"4,52,2759,57,9897,77,5496,28,997",2700.2,2666.255,HINDUNILVR,EQ
2023-07-10,2701.05,2769.65,2651.0,2656.55,6401587,17412125700.1,411006,"3,48,00410,39,7348,48,4617,39,47011,34,324",2657.0,2718.598,HINDUNILVR,EQ
2023-07-17,2657.1,2716.75,2642.5,2681.7,8698977,23288252438.25,513821,"18,28,33817,19,73010,73,1679,32,9465,72,362",2688.0,2677.078,HINDUNILVR,EQ
2023-07-24,2685.55,2716.3,2575.0,2580.25,10789631,28493795612.3,670846,"8,54,3277,90,2757,46,91835,97,52712,76,281",2580.0,2651.912,HINDUNILVR,EQ
2023-07-31,2580.2,2598.8,2553.0,2560.8,8199646,21086783240.4,655967,"12,68,55310,00,05216,54,4646,73,69215,03,939",2559.6,2573.82,HINDUNILVR,EQ
2023-08-07,2570.0,2574.0,2535.05,2569.2,7480256,19101879530.25,440488,"13,05,00014,03,7789,74,2019,90,9395,25,232",2573.8,2553.68,HINDUNILVR,EQ
2023-08-14,2569.2,2585.2,2488.1,2533.1,6060622,15359066646.35,459150,"7,55,2359,56,7939,69,37610,56,8516,46,610",2532.95,2536.1420000000003,HINDUNILVR,EQ
2023-08-21,2534.0,2574.9,2524.4,2562.75,5636578,14384911310.65,367555,"8,64,33310,93,94312,80,4556,03,348",2563.9,2552.3275000000003,HINDUNILVR,EQ
2023-08-28,2573.6,2591.75,2539.0,2555.7,4662867,11982950828.9,375613,"6,80,7727,67,4257,57,1404,95,5483,55,890",2552.0,2567.848,HINDUNILVR,EQ
2023-09-04,2558.9,2558.9,2491.1,2501.4,7378069,18551015649.95,419361,"6,56,3989,07,21822,14,0755,56,0398,34,465",2501.9,2516.274,HINDUNILVR,EQ
2023-09-11,2510.0,2538.9,2500.0,2536.25,5972349,15019566770.0,452360,"5,70,8987,59,33911,39,1236,45,1068,14,723",2538.5,2515.88,HINDUNILVR,EQ
2023-09-18,2549.0,2549.0,2462.0,2488.65,12509554,31142232546.800003,768516,"30,21,9569,11,49010,39,63029,19,76810,74,177",2486.6,2490.568,HINDUNILVR,EQ
2023-09-25,2449.65,2499.7,2442.9,2475.85,6318398,15585149194.4,455145,"14,23,66314,23,6527,34,4158,28,355",2479.2,2469.215,HINDUNILVR,EQ
2023-10-02,2474.0,2504.8,2450.5,2465.6,5212252,12891275595.6,301557,"9,61,6777,35,7048,69,3666,92,769",2469.0,2474.2025,HINDUNILVR,EQ
2023-10-09,2490.0,2524.8,2461.8,2511.3,7635002,19104209965.699997,502827,"10,84,55210,60,65611,04,1656,85,64410,45,441",2508.0,2502.004,HINDUNILVR,EQ
2023-10-16,2512.2,2582.0,2503.35,2558.3,6901657,17611281461.65,453340,"8,47,09010,56,6359,84,5219,67,9316,61,185",2554.0,2550.8720000000003,HINDUNILVR,EQ
2023-10-23,2558.3,2571.25,2480.35,2483.5,8141437,20525287059.55,627334,"8,98,7477,32,8707,53,21924,52,8526,57,115",2486.0,2529.1059999999998,HINDUNILVR,EQ
2023-10-30,2475.05,2495.0,2455.65,2478.9,6746343,16703384177.25,415876,"10,30,59319,43,44613,35,5345,53,346",2478.5,2476.5074999999997,HINDUNILVR,EQ
2023-11-06,2470.2,2517.75,2463.3,2497.4,6246928,15538115336.0,438998,"6,78,7319,58,4359,42,9827,72,28710,60,136",2496.15,2487.768,HINDUNILVR,EQ
2023-11-13,2496.0,2525.0,2465.35,2478.15,5655898,14076761089.75,403813,"11,36,3425,15,05911,18,6655,43,47148,8775,66,248",2477.0,2489.5933333333337,HINDUNILVR,EQ
2023-11-20,2501.9,2534.5,2465.0,2506.45,5577881,13950055118.35,331670,"10,95,5728,83,24011,43,1266,68,749",2506.95,2500.905,HINDUNILVR,EQ
2023-11-27,2505.0,2527.75,2498.0,2515.2,3664223,9208023789.05,238430,"8,27,8256,24,0846,04,2854,32,568",2515.45,2513.265,HINDUNILVR,EQ
2023-12-04,2531.75,2608.4,2500.0,2602.3,9775177,24920258280.55,489209,"15,92,7259,96,18022,15,2877,80,66616,30,489",2602.0,2547.81,HINDUNILVR,EQ
2023-12-11,2637.0,2637.0,2498.6,2503.65,12226486,31043052022.1,731566,"24,88,89112,06,61623,36,78410,62,59714,89,457",2503.7,2539.366,HINDUNILVR,EQ
2023-12-18,2500.0,2544.5,2497.0,2535.5,9870076,24831058852.95,558955,"12,34,02711,23,35115,26,11618,37,28714,38,428",2541.0,2515.1099999999997,HINDUNILVR,EQ
2023-12-25,2535.05,2580.0,2535.0,2575.6,6245541,15992863343.35,443672,"11,26,53810,04,79311,81,5396,46,506",2576.0,2561.235,HINDUNILVR,EQ
2024-01-01,2575.6,2669.4,2567.05,2654.75,5434304,14248045347.05,408893,"6,28,7376,96,51310,67,2807,29,7882,83,398",2648.55,2621.4759999999997,HINDUNILVR,EQ
2024-01-08,2648.0,2653.95,2566.5,2578.25,6036309,15732994377.55,475072,"8,01,6076,55,7899,05,3057,21,7977,97,495",2579.8,2606.4440000000004,HINDUNILVR,EQ
2024-01-15,2582.55,2594.3,2511.85,2573.2,8669128,22135774664.6,491758,"7,76,1325,92,77218,21,90521,05,09210,11,093",2575.0,2560.662,HINDUNILVR,EQ
2024-01-22,2573.2,2584.6,2466.1,2468.9,9710865,24654086725.2,586114,"12,55,31225,14,1078,52,5488,12,91515,19,832",2470.0,2543.304,HINDUNILVR,EQ
2024-01-29,2451.0,2480.5,2365.45,2444.4,9872657,23904025250.45,735022,"33,46,1579,74,84114,74,31711,86,909",2440.0,2426.2875,HINDUNILVR,EQ
2024-02-05,2454.0,2511.55,2412.75,2419.5,8237809,20328538652.4,530234,"11,11,57210,26,1618,82,14211,54,4429,40,761",2421.65,2466.202,HINDUNILVR,EQ
2024-02-12,2424.95,2441.8,2382.0,2385.65,6644182,16046182070.45,498063,"13,02,1598,58,5029,92,1284,52,04210,01,168",2386.6,2415.706,HINDUNILVR,EQ
2024-02-19,2390.0,2400.95,2346.75,2387.15,7849520,18616945666.75,505131,"7,20,60010,27,37317,85,70918,30,3053,28,289",2388.5,2377.374,HINDUNILVR,EQ
2024-02-26,2370.1,2422.8,2365.75,2404.25,6461660,15450512147.199999,488631,"7,17,7997,39,98213,52,0608,22,7255,97,265",2401.95,2392.976,HINDUNILVR,EQ
2024-03-04,2404.05,2438.8,2389.15,2422.0,8468070,20447353040.3,478022,"7,48,2413,03,32518,17,91816,07,67225,14111,49,604",2421.0,2414.1833333333334,HINDUNILVR,EQ
2024-03-11,2405.0,2426.0,2375.3,2389.85,6802775,16352353592.599998,415844,"11,79,7749,71,79712,68,52916,25,341",2388.0,2403.0875,HINDUNILVR,EQ
2024-03-18,2380.0,2385.0,2297.0,2299.95,10866146,25304627479.9,658598,"6,46,88916,44,09315,71,73121,00,80719,85,682",2299.8,2334.25,HINDUNILVR,EQ
2024-03-25,2283.25,2303.9,2232.05,2256.55,14227946,32075377008.949997,631557,"32,77,52922,57,26124,81,68023,80,431",2262.0,2253.58,HINDUNILVR,EQ
2024-04-01,2232.1,2295.0,2232.0,2285.9,9810121,22142701087.1,489984,"24,05,75416,52,15117,74,0089,67,331",2289.0,2259.72,HINDUNILVR,EQ
2024-04-08,2298.0,2298.0,2249.25,2268.95,6567802,14926253741.599998,413065,"8,03,2418,00,5326,72,9237,39,0027,95,436",2270.0,2273.2920000000004,HINDUNILVR,EQ
2024-04-15,2271.0,2276.9,2190.0,2194.05,11796451,26294466724.6,573198,"9,15,07017,63,06723,81,46439,65,183",2194.7,2241.3025,HINDUNILVR,EQ
2024-04-22,2183.0,2253.55,2172.05,2241.5,10355102,23005464557.55,554597,"19,75,66119,11,06213,77,53114,02,425",2245.95,2223.4775,HINDUNILVR,EQ
2024-04-29,2253.0,2273.5,2215.1,2226.1,12050846,26972210288.4,614913,"14,18,4628,99,74431,21,89514,69,96710,83,306",2227.7,2241.644,HINDUNILVR,EQ
2024-05-06,2232.05,2261.5,2204.0,2256.2,8474048,18884444556.5,512430,"17,57,2219,70,98815,66,03210,87,912",2257.0,2229.92,HINDUNILVR,EQ
2024-05-13,2266.0,2389.6,2259.0,2360.65,15431119,36291305067.15,767797,"42,22,78510,61,9848,01,34714,85,2336,54,220",2357.0,2348.3940000000002,HINDUNILVR,EQ
2024-05-20,2360.6,2372.3,2301.35,2327.15,4720121,11001227495.45,321509,"4,31,8084,92,4218,03,8997,14,06435,816",2330.7,2333.1279999999997,HINDUNILVR,EQ
2024-05-27,2307.0,2399.95,2301.75,2384.5,7284562,17172951488.85,581261,"12,64,06910,31,8727,86,2645,65,5026,80,386",2380.7,2360.656,HINDUNILVR,EQ
2024-06-03,2390.0,2409.0,2317.6,2355.9,11798253,27785430370.850002,585026,"10,29,27411,66,52510,30,21826,73,5687,24,339",2355.55,2364.9919999999997,HINDUNILVR,EQ
2024-06-10,2374.0,2723.95,2342.1,2565.35,28413046,72918325564.4,1570861,"40,56,94866,17,34117,98,07019,25,2058,61,550",2565.0,2556.8,HINDUNILVR,EQ
2024-06-17,2566.0,2576.7,2446.45,2479.75,8009750,20118646567.15,537497,"9,86,02210,65,15717,90,5309,32,757",2480.0,2518.2525,HINDUNILVR,EQ
2024-06-24,2479.9,2498.0,2426.55,2442.2,10562953,25989904015.35,559787,"13,21,4666,16,05410,86,43319,10,15112,29,782",2443.0,2464.674,HINDUNILVR,EQ
2024-07-01,2439.35,2523.0,2427.9,2505.1,11417827,28249701112.5,636763,"5,50,23311,52,29515,97,49812,45,40721,63,350",2508.0,2466.44,HINDUNILVR,EQ
2024-07-08,2515.0,2595.0,2474.3,2587.15,9261720,23420027838.7,519687,"8,84,8188,12,28710,78,3819,78,66315,12,804",2581.0,2519.904,HINDUNILVR,EQ
2024-07-15,2587.15,2639.5,2568.0,2620.3,7508979,19602546070.85,456834,"8,37,5289,21,7108,14,56311,73,0856,20,636",2619.0,2610.846,HINDUNILVR,EQ
2024-07-22,2625.95,2751.2,2624.55,2735.3,12448256,33779886948.85,611049,"16,54,56534,98,16110,41,02212,38,089",2732.6,2716.4475,HINDUNILVR,EQ
2024-07-29,2746.0,2811.3,2670.0,2711.6,12777176,34864315138.2,716055,"20,76,97420,01,35710,95,48013,03,8276,18,822",2715.6,2720.536,HINDUNILVR,EQ
2024-08-05,2715.6,2759.5,2666.2,2715.9,10055479,27268264598.0,566653,"8,28,41312,84,07611,11,5256,85,23716,37,562",2720.0,2711.034,HINDUNILVR,EQ
2024-08-12,2720.1,2781.85,2708.65,2748.7,8055276,22128591075.0,478989,"14,89,95411,98,6458,43,4878,65,0468,92,152",2750.0,2745.886,HINDUNILVR,EQ
2024-08-19,2742.0,2759.75,2706.6,2742.55,4856485,13296730260.85,287111,"7,21,1875,70,45111,93,8138,49,577",2739.0,2738.1000000000004,HINDUNILVR,EQ
2024-08-26,2742.55,2834.95,2735.05,2821.15,7332210,20459656142.75,395615,"8,28,2359,60,55010,29,22915,10,2536,87,038",2809.8,2788.16,HINDUNILVR,EQ
2024-09-02,2809.0,2824.1,2745.0,2789.05,10198357,28351804480.85,466558,"9,86,50312,68,54710,15,48626,62,4206,04,733",2790.8,2781.072,HINDUNILVR,EQ
2024-09-09,2780.0,2938.2,2771.65,2921.8,10623759,30307901831.95,550436,"13,72,0999,79,09412,25,2038,78,94516,96,377",2920.0,2844.472,HINDUNILVR,EQ
2024-09-16,2934.0,2963.4,2807.4,2867.1,9295871,27122490236.8,647416,"9,65,78111,48,98115,27,84613,24,2887,81,950",2869.5,2913.866,HINDUNILVR,EQ
2024-09-23,2867.1,3035.0,2860.1,3028.55,8218569,24187902876.75,533689,"6,92,7642,54,2918,02,94818,19,6127,95,245",3028.0,2927.918,HINDUNILVR,EQ
2024-09-30,3020.0,3030.0,2905.1,2958.3,9492334,28173629510.3,556050,"12,55,5836,04,83912,73,33621,51,53211,69,183",2959.4,2963.04,HINDUNILVR,EQ
2024-10-07,2962.7,2962.7,2817.05,2833.4,6155550,17716901415.4,466207,"6,98,9317,01,79411,78,5828,24,751",2840.0,2881.715,HINDUNILVR,EQ
2024-10-14,2844.0,2886.0,2733.2,2789.1,6856165,19105171723.0,479367,"10,54,4789,48,91114,19,4023,32,5385,97,963",2792.0,2786.326,HINDUNILVR,EQ
2024-10-21,2793.1,2799.3,2680.45,2693.55,5551327,15255944120.55,411493,"7,44,2977,65,6998,59,7806,04,4124,89,818",2685.4,2745.3900000000003,HINDUNILVR,EQ
2024-10-28,2685.1,2710.0,2452.6,2575.8,15534477,39476930999.9,856525,"9,31,4719,52,54053,65,07017,10,2094,57,418",2575.0,2590.558,HINDUNILVR,EQ
2024-11-04,2585.7,2585.7,2503.5,2524.8,6013438,15276229895.849998,421960,"12,43,0138,36,62213,08,46462,2306,83,938",2520.0,2539.1639999999998,HINDUNILVR,EQ
2024-11-11,2520.0,2530.25,2466.1,2491.05,6120112,15280441342.7,418411,"3,90,2767,12,2318,61,25211,11,0617,93,053",2491.3,2498.962,HINDUNILVR,EQ
2024-11-18,2495.0,2496.95,2375.75,2422.9,6703847,16311822538.5,521404,"12,07,6509,05,57314,43,3039,59,140",2424.2,2436.7799999999997,HINDUNILVR,EQ
2024-11-25,2431.9,2505.7,2376.1,2471.45,8489715,20779146655.4,449537,"7,34,5517,27,78711,56,91132,18,470",2474.95,2430.1125,HINDUNILVR,EQ
2024-12-02,2486.25,2539.15,2453.2,2479.15,7273361,18066102892.3,537966,"5,82,9815,66,67014,63,79112,57,9036,06,214",2479.0,2482.544,HINDUNILVR,EQ
2024-12-09,2480.0,2515.0,2383.3,2400.75,9727985,23866800838.35,594767,"12,22,0959,37,64310,98,7827,85,59421,42,339",2402.0,2465.2760000000003,HINDUNILVR,EQ
2024-12-16,2408.7,2413.0,2333.45,2366.15,10521573,24998675635.1,550805,"15,39,68112,74,09120,65,30212,25,0428,08,176",2364.0,2378.728,HINDUNILVR,EQ
2024-12-23,2353.35,2386.95,2315.25,2338.9,7911777,18626648363.95,491381,"14,33,3905,97,7658,13,23612,93,1375,85,247",2339.55,2353.624,HINDUNILVR,EQ
2024-12-30,2331.1,2359.15,2324.7,2343.5,3198411,7479425003.15,244120,"3,97,5436,30,4273,08,8216,11,141",2338.0,2338.9875,HINDUNILVR,EQ
2025-01-06,2340.0,2352.65,2323.25,2326.85,1878762,4387088011.3,70179,"14,48,423",2327.0,2335.1,HINDUNILVR,EQ
