"Symbol  ","Series  ","Date  ","Prev Close  ","Open Price  ","High Price  ","Low Price  ","Last Price  ","Close Price  ","Average Price ","Total Traded Quantity  ","Turnover ₹  ","No. of Trades  ","Deliverable Qty  ","% Dly Qt to Traded Qty  "
"ASIANPAINT","EQ","01-Jan-2016","883.55","882.00","885.60","876.90","879.70","878.75","880.60","2,94,006","25,89,01,853.25","7,988","1,49,531","50.86"
"ASIANPAINT","EQ","04-Jan-2016","878.75","876.20","892.45","871.70","880.50","880.80","881.96","7,09,103","62,54,03,993.10","28,981","3,37,383","47.58"
"ASIANPAINT","EQ","05-Jan-2016","880.80","881.30","905.00","881.30","901.40","900.65","898.75","13,72,748","1,23,37,61,180.85","52,028","5,33,231","38.84"
"ASIANPAINT","EQ","06-Jan-2016","900.65","904.50","911.90","884.00","885.30","886.40","897.11","17,16,479","1,53,98,72,722.90","51,374","10,08,881","58.78"
"ASIANPAINT","EQ","07-Jan-2016","886.40","883.00","891.55","869.00","871.10","872.35","878.39","9,90,333","86,98,97,649.90","26,249","4,77,288","48.19"
"ASIANPAINT","EQ","08-Jan-2016","872.35","879.00","881.95","866.60","874.00","874.60","873.49","8,86,022","77,39,30,681.80","37,596","4,83,804","54.60"
"ASIANPAINT","EQ","11-Jan-2016","874.60","870.00","884.00","861.60","873.95","873.85","873.95","8,01,102","70,01,21,041.65","27,299","3,92,106","48.95"
"ASIANPAINT","EQ","12-Jan-2016","873.85","882.00","885.50","870.20","872.40","872.90","874.51","9,98,419","87,31,24,973.85","41,484","6,00,480","60.14"
"ASIANPAINT","EQ","13-Jan-2016","872.90","879.95","883.50","850.05","869.80","868.55","868.87","9,01,426","78,32,22,033.40","38,489","4,03,712","44.79"
"ASIANPAINT","EQ","14-Jan-2016","868.55","863.50","897.00","851.10","889.65","889.40","876.90","22,96,682","2,01,39,70,065.30","56,010","14,08,040","61.31"
"ASIANPAINT","EQ","15-Jan-2016","889.40","893.00","894.95","874.30","882.30","879.25","883.58","13,01,590","1,15,00,63,630.55","41,299","6,27,874","48.24"
"ASIANPAINT","EQ","18-Jan-2016","879.25","890.00","893.00","841.65","847.00","850.30","867.70","23,35,330","2,02,63,73,104.15","70,265","7,58,914","32.50"
"ASIANPAINT","EQ","19-Jan-2016","850.30","867.90","868.40","826.00","846.15","845.55","844.80","24,43,365","2,06,41,58,618.30","63,046","6,42,578","26.30"
"ASIANPAINT","EQ","20-Jan-2016","845.55","834.00","856.00","830.00","835.50","840.35","842.57","22,47,202","1,89,34,15,233.85","53,390","10,53,544","46.88"
"ASIANPAINT","EQ","21-Jan-2016","840.35","850.00","856.00","841.00","845.95","844.45","848.31","11,38,753","96,60,16,313.85","51,087","4,80,581","42.20"
"ASIANPAINT","EQ","22-Jan-2016","844.45","853.00","873.40","849.20","870.00","869.95","862.98","17,74,017","1,53,09,40,859.50","42,547","11,82,434","66.65"
"ASIANPAINT","EQ","25-Jan-2016","869.95","870.00","882.00","868.15","879.45","878.60","879.14","17,94,107","1,57,72,69,433.20","48,011","13,31,036","74.19"
"ASIANPAINT","EQ","27-Jan-2016","878.60","880.00","881.80","855.15","859.00","858.55","864.13","9,69,509","83,77,78,988.30","37,122","5,41,328","55.84"
"ASIANPAINT","EQ","28-Jan-2016","858.55","854.00","865.00","852.15","857.10","858.95","859.05","13,92,051","1,19,58,47,638.40","33,365","8,93,495","64.19"
"ASIANPAINT","EQ","29-Jan-2016","858.95","864.00","875.00","859.00","872.20","869.90","868.81","13,20,575","1,14,73,24,317.35","40,752","9,76,655","73.96"
"ASIANPAINT","EQ","01-Feb-2016","869.90","874.20","890.00","871.30","885.20","887.40","885.39","7,86,217","69,61,12,066.80","32,872","3,63,561","46.24"
"ASIANPAINT","EQ","02-Feb-2016","887.40","889.90","894.75","878.00","880.85","882.50","884.64","9,20,875","81,46,39,582.50","40,334","5,61,533","60.98"
"ASIANPAINT","EQ","03-Feb-2016","882.50","876.20","883.95","859.05","862.00","863.70","872.62","5,40,771","47,18,85,224.35","29,175","2,61,625","48.38"
"ASIANPAINT","EQ","04-Feb-2016","863.70","865.00","895.95","865.00","887.00","889.35","886.68","16,58,831","1,47,08,45,286.65","55,548","10,23,442","61.70"
"ASIANPAINT","EQ","05-Feb-2016","889.35","889.00","903.45","886.40","897.60","899.25","897.07","17,39,178","1,56,01,65,088.80","50,547","10,61,156","61.01"
"ASIANPAINT","EQ","08-Feb-2016","899.25","903.00","907.50","886.00","888.50","888.60","897.51","7,83,143","70,28,79,797.10","34,992","4,12,026","52.61"
"ASIANPAINT","EQ","09-Feb-2016","888.60","884.90","894.30","878.50","884.80","884.20","885.69","6,36,386","56,36,43,437.80","23,885","3,37,292","53.00"
"ASIANPAINT","EQ","10-Feb-2016","884.20","888.50","889.00","866.50","877.00","876.55","876.02","7,07,101","61,94,34,498.40","23,729","3,69,874","52.31"
"ASIANPAINT","EQ","11-Feb-2016","876.55","874.75","874.75","852.00","856.20","855.70","861.45","10,04,015","86,49,07,419.95","53,028","5,08,858","50.68"
"ASIANPAINT","EQ","12-Feb-2016","855.70","860.00","873.25","846.50","853.00","854.90","857.05","10,89,266","93,35,58,918.05","57,384","5,49,675","50.46"
"ASIANPAINT","EQ","15-Feb-2016","854.90","866.00","872.20","853.00","859.00","858.70","860.12","7,03,958","60,54,90,976.45","44,380","3,81,412","54.18"
"ASIANPAINT","EQ","16-Feb-2016","858.70","855.05","860.15","836.10","839.20","840.30","844.86","9,85,215","83,23,64,378.10","57,199","5,30,860","53.88"
"ASIANPAINT","EQ","17-Feb-2016","840.30","844.00","858.95","827.10","855.50","856.00","839.34","11,71,983","98,36,88,005.80","67,745","6,51,495","55.59"
"ASIANPAINT","EQ","18-Feb-2016","856.00","862.00","863.80","830.60","835.00","835.25","840.33","9,97,874","83,85,47,451.60","36,496","4,88,368","48.94"
"ASIANPAINT","EQ","19-Feb-2016","835.25","834.95","856.90","829.00","856.80","854.70","846.21","7,99,360","67,64,22,929.55","43,918","3,49,147","43.68"
"ASIANPAINT","EQ","22-Feb-2016","854.70","856.00","873.20","854.00","872.15","870.85","865.91","6,09,601","52,78,60,760.90","41,336","2,85,325","46.81"
"ASIANPAINT","EQ","23-Feb-2016","870.85","871.00","879.90","866.15","874.30","877.10","873.31","14,38,921","1,25,66,20,586.30","77,345","9,49,886","66.01"
"ASIANPAINT","EQ","24-Feb-2016","877.10","879.00","885.75","875.00","880.80","881.80","881.11","12,89,097","1,13,58,30,380.40","72,151","8,21,019","63.69"
"ASIANPAINT","EQ","25-Feb-2016","881.80","880.50","884.90","858.70","862.55","861.70","869.52","13,26,303","1,15,32,51,585.85","51,126","8,86,150","66.81"
"ASIANPAINT","EQ","26-Feb-2016","861.70","868.00","874.00","854.20","864.00","862.55","863.08","5,36,753","46,32,59,215.85","40,435","2,55,091","47.52"
"ASIANPAINT","EQ","29-Feb-2016","862.55","864.10","868.95","841.60","847.95","846.10","853.33","8,90,886","76,02,21,754.00","38,383","4,01,571","45.08"
"ASIANPAINT","EQ","01-Mar-2016","846.10","852.60","874.65","850.00","869.30","871.95","865.25","11,61,059","1,00,46,08,647.70","45,586","7,78,033","67.01"
"ASIANPAINT","EQ","02-Mar-2016","871.95","876.00","880.95","866.50","871.60","871.85","874.43","8,08,137","70,66,59,370.20","39,952","3,39,366","41.99"
"ASIANPAINT","EQ","03-Mar-2016","871.85","874.40","896.50","871.75","878.20","880.25","883.66","10,61,326","93,78,55,031.85","49,649","4,99,433","47.06"
"ASIANPAINT","EQ","04-Mar-2016","880.25","886.60","890.10","858.40","866.00","865.80","869.70","10,39,977","90,44,69,670.55","41,836","4,64,128","44.63"
"ASIANPAINT","EQ","08-Mar-2016","865.80","867.90","881.80","858.05","879.00","875.70","870.29","11,74,011","1,02,17,28,684.05","79,220","7,23,139","61.60"
"ASIANPAINT","EQ","09-Mar-2016","875.70","876.00","888.80","869.85","875.75","876.20","881.71","14,01,934","1,23,60,94,064.30","43,334","8,40,799","59.97"
"ASIANPAINT","EQ","10-Mar-2016","876.20","870.00","896.00","870.00","895.00","894.75","886.85","8,10,951","71,91,90,518.55","42,271","3,89,340","48.01"
"ASIANPAINT","EQ","11-Mar-2016","894.75","900.00","903.70","891.55","898.40","898.35","899.24","10,43,602","93,84,50,329.00","48,829","5,49,840","52.69"
"ASIANPAINT","EQ","14-Mar-2016","898.35","898.00","903.20","888.60","897.05","899.35","897.78","7,88,258","70,76,83,703.90","47,242","4,14,304","52.56"
"ASIANPAINT","EQ","15-Mar-2016","899.35","903.00","906.50","876.15","884.55","884.60","887.77","9,54,046","84,69,74,291.60","29,343","3,39,331","35.57"
"ASIANPAINT","EQ","16-Mar-2016","884.60","880.30","882.00","862.10","865.95","864.90","866.88","14,56,263","1,26,24,07,195.25","52,770","9,78,563","67.20"
"ASIANPAINT","EQ","17-Mar-2016","864.90","870.00","876.00","865.10","872.40","872.55","871.10","9,65,277","84,08,49,097.60","57,379","6,69,448","69.35"
"ASIANPAINT","EQ","18-Mar-2016","872.55","871.00","877.90","859.95","876.60","875.35","869.53","10,72,444","93,25,20,520.10","26,551","6,05,681","56.48"
"ASIANPAINT","EQ","21-Mar-2016","875.35","873.25","875.00","852.40","858.20","859.65","857.30","14,84,160","1,27,23,67,074.05","1,19,172","8,27,923","55.78"
"ASIANPAINT","EQ","22-Mar-2016","859.65","860.00","860.00","846.05","852.50","853.35","852.40","17,46,522","1,48,87,40,679.65","85,451","12,29,156","70.38"
"ASIANPAINT","EQ","23-Mar-2016","853.35","853.35","856.90","846.25","849.50","850.00","850.81","9,17,099","78,02,79,340.80","48,887","5,74,421","62.63"
"ASIANPAINT","EQ","28-Mar-2016","850.00","850.00","857.45","842.70","843.20","845.40","848.15","17,22,071","1,46,05,80,614.40","54,007","12,25,848","71.18"
"ASIANPAINT","EQ","29-Mar-2016","845.40","847.40","860.00","845.00","858.00","856.10","853.17","11,01,097","93,94,26,129.50","35,997","6,22,022","56.49"
"ASIANPAINT","EQ","30-Mar-2016","856.10","864.00","885.00","861.85","879.90","881.85","871.85","14,70,782","1,28,23,01,387.85","75,600","9,53,053","64.80"
"ASIANPAINT","EQ","31-Mar-2016","881.85","880.50","884.25","865.10","872.00","868.40","869.87","16,82,214","1,46,33,04,649.35","42,120","11,27,393","67.02"
"ASIANPAINT","EQ","01-Apr-2016","868.40","871.00","883.95","865.00","868.00","870.00","873.31","8,53,331","74,52,25,781.85","38,495","4,06,054","47.58"
"ASIANPAINT","EQ","04-Apr-2016","870.00","874.00","888.50","865.25","884.95","886.15","876.65","6,62,760","58,10,06,289.10","30,090","3,23,489","48.81"
"ASIANPAINT","EQ","05-Apr-2016","886.15","885.40","885.40","862.00","865.50","869.85","871.87","7,62,479","66,47,83,921.60","31,026","3,61,836","47.46"
"ASIANPAINT","EQ","06-Apr-2016","869.85","869.70","875.00","860.65","863.75","863.30","866.94","4,51,307","39,12,54,506.45","32,336","2,11,682","46.90"
"ASIANPAINT","EQ","07-Apr-2016","863.30","864.00","869.00","855.05","857.05","858.25","860.26","4,49,770","38,69,19,073.25","23,157","1,75,800","39.09"
"ASIANPAINT","EQ","08-Apr-2016","858.25","860.00","861.45","849.60","850.85","851.55","852.82","4,48,087","38,21,38,958.55","23,726","2,29,759","51.28"
"ASIANPAINT","EQ","11-Apr-2016","851.55","850.00","861.90","842.75","861.00","860.00","853.03","6,51,373","55,56,43,736.45","27,104","3,18,371","48.88"
"ASIANPAINT","EQ","12-Apr-2016","860.00","861.80","870.00","859.50","865.90","866.90","865.90","4,33,486","37,53,54,777.25","26,388","1,95,781","45.16"
"ASIANPAINT","EQ","13-Apr-2016","866.90","870.50","876.00","866.00","874.75","874.35","871.40","6,92,424","60,33,80,600.70","27,315","3,62,456","52.35"
"ASIANPAINT","EQ","18-Apr-2016","874.35","884.25","886.55","875.00","882.45","885.20","881.60","6,85,762","60,45,70,897.70","35,700","3,77,667","55.07"
"ASIANPAINT","EQ","20-Apr-2016","885.20","885.00","887.75","875.25","886.00","885.80","882.11","7,78,272","68,65,24,462.00","47,564","4,65,715","59.84"
"ASIANPAINT","EQ","21-Apr-2016","885.80","890.00","895.00","885.10","885.70","889.15","891.53","7,02,226","62,60,57,535.10","32,842","4,67,466","66.57"
"ASIANPAINT","EQ","22-Apr-2016","889.15","885.70","893.70","869.40","870.00","871.55","875.77","6,92,414","60,63,92,785.30","20,855","3,57,231","51.59"
"ASIANPAINT","EQ","25-Apr-2016","871.55","870.40","870.40","856.00","865.80","861.75","860.00","5,87,700","50,54,19,312.20","37,237","3,17,455","54.02"
"ASIANPAINT","EQ","26-Apr-2016","861.75","864.20","880.00","859.05","878.50","876.90","873.46","6,94,778","60,68,61,286.35","27,351","4,02,006","57.86"
"ASIANPAINT","EQ","27-Apr-2016","876.90","875.70","891.00","871.00","888.25","889.85","884.96","5,53,126","48,94,95,599.90","30,399","2,87,959","52.06"
"ASIANPAINT","EQ","28-Apr-2016","889.85","889.85","894.50","870.00","879.65","873.10","879.37","10,13,142","89,09,25,641.65","35,664","6,02,791","59.50"
"ASIANPAINT","EQ","29-Apr-2016","873.10","873.00","876.00","861.65","868.00","866.25","866.68","9,55,985","82,85,32,068.65","31,563","6,72,313","70.33"
"ASIANPAINT","EQ","02-May-2016","866.25","864.00","867.50","860.65","865.00","864.80","864.14","1,99,724","17,25,90,495.75","12,118","72,711","36.41"
"ASIANPAINT","EQ","03-May-2016","864.80","869.50","886.90","865.40","873.90","872.00","877.79","10,73,196","94,20,39,744.30","34,707","4,31,345","40.19"
"ASIANPAINT","EQ","04-May-2016","872.00","872.00","879.00","864.00","872.45","873.60","873.65","4,69,904","41,05,33,521.30","24,444","1,74,657","37.17"
"ASIANPAINT","EQ","05-May-2016","873.60","874.10","875.45","862.45","865.00","867.05","868.72","4,02,567","34,97,16,518.35","27,564","2,00,194","49.73"
"ASIANPAINT","EQ","06-May-2016","867.05","863.95","890.00","861.50","889.45","889.05","880.21","12,49,025","1,09,93,98,955.30","40,411","8,53,165","68.31"
"ASIANPAINT","EQ","09-May-2016","889.05","894.95","913.90","893.65","903.90","906.60","905.94","13,55,429","1,22,79,32,506.25","43,126","6,19,488","45.70"
"ASIANPAINT","EQ","10-May-2016","906.60","904.95","908.25","893.45","897.40","898.35","901.41","10,34,271","93,23,03,280.55","38,965","6,12,351","59.21"
"ASIANPAINT","EQ","11-May-2016","898.35","892.00","919.00","887.50","912.50","907.85","905.36","22,28,431","2,01,75,42,098.60","50,920","5,80,174","26.04"
"ASIANPAINT","EQ","12-May-2016","907.85","920.00","933.90","917.20","929.05","928.80","926.50","23,82,775","2,20,76,39,640.15","81,152","9,00,389","37.79"
"ASIANPAINT","EQ","13-May-2016","928.80","928.75","948.00","927.60","944.30","943.65","938.50","22,85,317","2,14,47,62,583.50","86,369","12,84,121","56.19"
"ASIANPAINT","EQ","16-May-2016","943.65","948.95","957.80","945.00","953.50","952.65","951.82","19,13,343","1,82,11,51,650.35","46,755","12,37,208","64.66"
"ASIANPAINT","EQ","17-May-2016","952.65","953.50","972.00","947.75","970.30","969.65","964.14","17,70,437","1,70,69,54,209.70","53,085","11,65,364","65.82"
"ASIANPAINT","EQ","18-May-2016","969.65","969.00","971.00","952.45","965.00","963.25","958.55","12,73,835","1,22,10,28,776.15","51,107","7,36,831","57.84"
"ASIANPAINT","EQ","19-May-2016","963.25","968.85","968.85","952.05","955.00","956.80","957.32","12,51,713","1,19,82,90,294.95","43,537","8,11,922","64.86"
"ASIANPAINT","EQ","20-May-2016","956.80","956.00","963.00","950.75","955.15","956.00","957.01","9,72,841","93,10,16,942.40","43,907","6,04,252","62.11"
"ASIANPAINT","EQ","23-May-2016","956.00","959.90","960.00","943.65","949.00","946.60","950.22","7,26,047","68,99,07,602.55","46,256","4,15,058","57.17"
"ASIANPAINT","EQ","24-May-2016","946.60","952.40","962.40","941.70","959.95","956.25","949.42","4,90,332","46,55,30,026.10","22,554","2,28,287","46.56"
"ASIANPAINT","EQ","25-May-2016","956.25","963.15","985.00","962.80","982.05","982.25","975.14","8,15,313","79,50,46,131.40","44,233","3,75,053","46.00"
"ASIANPAINT","EQ","26-May-2016","982.25","988.55","999.50","973.45","994.00","991.85","984.30","14,10,903","1,38,87,58,283.05","58,474","8,93,677","63.34"
"ASIANPAINT","EQ","27-May-2016","991.85","991.90","1,001.80","986.45","996.75","998.25","996.25","11,05,534","1,10,13,83,383.50","32,870","6,69,371","60.55"
"ASIANPAINT","EQ","30-May-2016","998.25","994.00","1,004.25","978.45","988.00","984.90","988.47","14,87,177","1,47,00,24,566.75","30,604","10,86,409","73.05"
"ASIANPAINT","EQ","31-May-2016","984.90","988.00","995.50","980.70","988.00","984.85","986.19","11,51,373","1,13,54,75,696.90","44,186","7,75,499","67.35"
"ASIANPAINT","EQ","01-Jun-2016","984.85","989.05","1,025.00","989.05","1,024.00","1,021.70","1,014.97","20,68,760","2,09,97,25,232.35","46,332","12,50,119","60.43"
"ASIANPAINT","EQ","02-Jun-2016","1,021.70","1,007.00","1,029.00","996.55","1,026.00","1,024.05","1,018.67","24,20,319","2,46,55,18,281.15","65,328","17,30,279","71.49"
"ASIANPAINT","EQ","03-Jun-2016","1,024.05","1,023.50","1,032.10","1,013.50","1,020.00","1,025.30","1,024.13","20,45,789","2,09,51,59,590.80","69,367","16,17,830","79.08"
"ASIANPAINT","EQ","06-Jun-2016","1,025.30","1,017.10","1,032.35","1,016.60","1,030.00","1,026.30","1,024.85","15,74,228","1,61,33,45,254.90","30,420","12,27,881","78.00"
"ASIANPAINT","EQ","07-Jun-2016","1,026.30","1,025.35","1,037.45","1,024.60","1,031.60","1,032.75","1,031.44","7,55,934","77,97,01,085.30","42,977","3,76,120","49.76"
"ASIANPAINT","EQ","08-Jun-2016","1,032.75","1,029.00","1,029.00","1,011.25","1,019.00","1,018.05","1,017.38","9,33,533","94,97,62,325.05","29,168","6,13,422","65.71"
"ASIANPAINT","EQ","09-Jun-2016","1,018.05","1,018.00","1,019.00","995.70","1,001.00","998.80","1,003.75","10,24,252","1,02,80,95,917.70","33,025","7,29,395","71.21"
"ASIANPAINT","EQ","10-Jun-2016","998.80","994.95","999.00","989.60","993.45","992.05","993.95","13,13,970","1,30,60,23,751.50","17,080","10,19,344","77.58"
"ASIANPAINT","EQ","13-Jun-2016","992.05","987.00","996.50","985.10","995.00","994.90","991.35","8,08,571","80,15,73,469.65","14,652","5,89,967","72.96"
"ASIANPAINT","EQ","14-Jun-2016","994.90","995.00","999.00","978.60","985.00","986.50","986.52","6,99,283","68,98,55,092.30","36,362","4,48,417","64.13"
"ASIANPAINT","EQ","15-Jun-2016","986.50","986.00","1,002.00","986.00","996.00","998.40","994.91","7,31,016","72,72,98,663.75","32,296","4,44,878","60.86"
"ASIANPAINT","EQ","16-Jun-2016","998.40","993.75","1,009.00","986.20","1,005.50","1,006.55","999.04","7,40,810","74,00,95,163.30","26,060","3,95,000","53.32"
"ASIANPAINT","EQ","17-Jun-2016","1,006.55","1,010.00","1,014.85","994.00","999.75","999.60","1,002.94","3,65,441","36,65,14,706.65","23,008","1,48,484","40.63"
"ASIANPAINT","EQ","20-Jun-2016","999.60","994.95","997.00","986.25","993.00","991.50","989.87","6,27,622","62,12,65,820.15","35,318","3,38,994","54.01"
"ASIANPAINT","EQ","21-Jun-2016","991.50","990.00","991.00","977.20","982.95","982.05","981.86","7,12,870","69,99,39,078.25","28,877","4,70,320","65.98"
"ASIANPAINT","EQ","22-Jun-2016","982.05","980.00","989.45","978.50","985.00","985.45","985.00","5,07,154","49,95,45,493.35","18,660","2,58,495","50.97"
"ASIANPAINT","EQ","23-Jun-2016","985.45","986.10","990.00","980.30","983.00","984.10","984.19","6,78,141","66,74,20,747.50","33,992","4,83,478","71.29"
"ASIANPAINT","EQ","24-Jun-2016","984.10","974.10","993.00","963.60","990.00","989.55","977.42","7,77,600","76,00,39,541.40","31,010","4,34,152","55.83"
"ASIANPAINT","EQ","27-Jun-2016","989.55","970.25","992.95","970.25","975.30","974.30","979.78","6,62,651","64,92,51,339.00","28,554","3,33,092","50.27"
"ASIANPAINT","EQ","28-Jun-2016","974.30","981.00","985.00","975.35","981.00","980.20","980.28","8,22,749","80,65,24,644.95","20,972","5,60,424","68.12"
"ASIANPAINT","EQ","29-Jun-2016","980.20","978.25","999.30","978.25","993.40","994.20","993.87","7,11,457","70,70,98,448.70","26,883","4,15,325","58.38"
"ASIANPAINT","EQ","30-Jun-2016","994.20","1,004.85","1,009.00","996.05","997.50","1,003.30","1,003.12","10,39,352","1,04,25,94,914.95","29,048","7,85,718","75.60"
"ASIANPAINT","EQ","01-Jul-2016","1,003.30","1,002.80","1,011.10","995.45","998.10","1,002.50","1,002.28","13,14,022","1,31,70,16,832.00","30,597","8,42,592","64.12"
"ASIANPAINT","EQ","04-Jul-2016","1,002.50","1,008.00","1,017.05","998.20","999.00","1,000.40","1,008.13","8,84,699","89,18,94,332.65","28,821","5,84,717","66.09"
"ASIANPAINT","EQ","05-Jul-2016","1,000.40","1,003.00","1,004.85","983.35","984.50","985.10","989.33","5,23,870","51,82,80,472.25","18,099","3,03,926","58.02"
"ASIANPAINT","EQ","07-Jul-2016","985.10","989.35","997.00","985.00","985.60","987.70","991.09","7,57,053","75,03,10,237.45","28,190","5,21,638","68.90"
"ASIANPAINT","EQ","08-Jul-2016","987.70","992.90","1,013.90","988.15","1,010.55","1,010.70","1,007.48","12,00,518","1,20,95,03,301.90","39,679","7,57,345","63.08"
"ASIANPAINT","EQ","11-Jul-2016","1,010.70","1,020.00","1,033.00","1,017.85","1,024.05","1,026.80","1,027.98","10,82,293","1,11,25,75,880.40","30,308","7,38,654","68.25"
"ASIANPAINT","EQ","12-Jul-2016","1,026.80","1,028.80","1,037.90","1,016.80","1,021.00","1,020.45","1,025.99","12,59,777","1,29,25,23,224.90","25,070","9,53,012","75.65"
"ASIANPAINT","EQ","13-Jul-2016","1,020.45","1,029.00","1,029.00","1,006.45","1,007.00","1,009.50","1,014.61","13,19,911","1,33,91,90,731.80","36,506","9,51,786","72.11"
"ASIANPAINT","EQ","14-Jul-2016","1,009.50","1,010.20","1,025.50","1,009.00","1,016.65","1,017.60","1,019.15","7,54,274","76,87,20,901.55","31,031","4,89,972","64.96"
"ASIANPAINT","EQ","15-Jul-2016","1,017.60","1,018.20","1,031.50","1,018.20","1,025.70","1,025.90","1,025.80","6,71,924","68,92,59,885.55","23,417","4,33,389","64.50"
"ASIANPAINT","EQ","18-Jul-2016","1,025.90","1,027.10","1,044.90","1,025.25","1,029.95","1,028.50","1,036.44","7,21,547","74,78,40,135.60","19,336","4,16,265","57.69"
"ASIANPAINT","EQ","19-Jul-2016","1,028.50","1,031.00","1,037.50","1,021.20","1,028.05","1,030.70","1,030.11","5,41,334","55,76,31,807.55","22,652","3,34,657","61.82"
"ASIANPAINT","EQ","20-Jul-2016","1,030.70","1,029.25","1,036.40","1,020.00","1,025.30","1,028.55","1,026.49","5,29,012","54,30,24,290.60","14,293","3,26,094","61.64"
"ASIANPAINT","EQ","21-Jul-2016","1,028.55","1,029.80","1,048.00","1,026.55","1,041.05","1,042.70","1,039.15","7,06,661","73,43,29,707.20","23,390","4,09,113","57.89"
"ASIANPAINT","EQ","22-Jul-2016","1,042.70","1,047.85","1,054.00","1,042.05","1,047.00","1,047.05","1,047.95","5,02,766","52,68,73,647.75","18,071","1,64,040","32.63"
"ASIANPAINT","EQ","25-Jul-2016","1,047.05","1,049.30","1,074.40","1,047.15","1,072.00","1,070.65","1,059.46","7,34,354","77,80,18,184.25","30,168","4,19,539","57.13"
"ASIANPAINT","EQ","26-Jul-2016","1,070.65","1,072.10","1,074.95","1,055.00","1,062.00","1,060.75","1,061.41","5,62,982","59,75,57,206.40","17,743","3,55,327","63.12"
"ASIANPAINT","EQ","27-Jul-2016","1,060.75","1,069.90","1,073.80","1,052.20","1,064.00","1,061.80","1,061.85","7,65,267","81,26,01,578.00","24,233","2,77,888","36.31"
"ASIANPAINT","EQ","28-Jul-2016","1,061.80","1,074.00","1,153.80","1,068.00","1,125.30","1,128.00","1,124.74","58,31,636","6,55,90,49,852.75","1,41,212","20,92,579","35.88"
"ASIANPAINT","EQ","29-Jul-2016","1,128.00","1,127.50","1,137.70","1,102.25","1,113.00","1,114.15","1,118.68","11,52,956","1,28,97,92,738.60","49,220","6,44,576","55.91"
"ASIANPAINT","EQ","01-Aug-2016","1,114.15","1,119.60","1,134.00","1,115.05","1,120.85","1,120.90","1,123.39","8,64,041","97,06,50,732.45","39,658","4,88,903","56.58"
"ASIANPAINT","EQ","02-Aug-2016","1,120.90","1,129.70","1,142.50","1,118.65","1,126.00","1,123.35","1,129.27","8,32,931","94,06,04,012.00","31,560","3,56,998","42.86"
"ASIANPAINT","EQ","03-Aug-2016","1,123.35","1,132.45","1,147.15","1,124.05","1,145.00","1,143.40","1,138.45","11,30,691","1,28,72,37,766.50","44,398","5,48,977","48.55"
"ASIANPAINT","EQ","04-Aug-2016","1,143.40","1,152.05","1,154.60","1,116.70","1,126.05","1,127.30","1,135.25","10,75,876","1,22,13,90,797.85","36,191","4,50,983","41.92"
"ASIANPAINT","EQ","05-Aug-2016","1,127.30","1,131.00","1,145.30","1,128.75","1,140.90","1,143.35","1,136.57","5,43,090","61,72,60,766.00","20,318","3,00,327","55.30"
"ASIANPAINT","EQ","08-Aug-2016","1,143.35","1,153.00","1,153.00","1,136.00","1,148.00","1,148.35","1,142.84","4,07,801","46,60,51,557.10","25,727","1,81,710","44.56"
"ASIANPAINT","EQ","09-Aug-2016","1,148.35","1,153.60","1,154.95","1,134.00","1,143.90","1,146.50","1,142.43","5,41,100","61,81,66,634.50","26,310","2,46,216","45.50"
"ASIANPAINT","EQ","10-Aug-2016","1,146.50","1,142.10","1,148.45","1,128.10","1,132.00","1,129.95","1,137.27","7,88,849","89,71,33,394.20","24,271","4,64,366","58.87"
"ASIANPAINT","EQ","11-Aug-2016","1,129.95","1,130.00","1,147.50","1,118.60","1,146.00","1,145.10","1,133.09","6,51,399","73,80,94,417.00","36,883","2,79,192","42.86"
"ASIANPAINT","EQ","12-Aug-2016","1,145.10","1,143.00","1,161.25","1,125.40","1,137.10","1,137.50","1,142.61","7,95,382","90,88,08,517.70","36,285","2,62,598","33.02"
"ASIANPAINT","EQ","16-Aug-2016","1,137.50","1,135.50","1,147.80","1,126.90","1,129.80","1,129.65","1,136.48","9,21,462","1,04,72,21,104.55","55,486","5,03,116","54.60"
"ASIANPAINT","EQ","17-Aug-2016","1,129.65","1,115.00","1,127.70","1,108.15","1,114.90","1,113.55","1,117.01","7,42,834","82,97,55,303.90","67,049","4,54,857","61.23"
"ASIANPAINT","EQ","18-Aug-2016","1,113.55","1,119.75","1,119.75","1,102.55","1,105.10","1,107.35","1,108.74","12,63,890","1,40,13,24,251.15","73,227","9,27,807","73.41"
"ASIANPAINT","EQ","19-Aug-2016","1,107.35","1,101.35","1,126.90","1,101.35","1,115.70","1,113.50","1,115.23","8,64,966","96,46,37,312.50","30,843","4,02,870","46.58"
"ASIANPAINT","EQ","22-Aug-2016","1,113.50","1,121.00","1,121.00","1,105.00","1,113.15","1,113.90","1,109.66","8,27,995","91,87,91,523.35","43,096","4,88,612","59.01"
"ASIANPAINT","EQ","23-Aug-2016","1,113.90","1,112.70","1,129.65","1,108.15","1,129.05","1,126.25","1,121.39","6,84,493","76,75,81,063.30","25,722","3,60,119","52.61"
"ASIANPAINT","EQ","24-Aug-2016","1,126.25","1,130.00","1,130.20","1,115.60","1,120.55","1,118.85","1,121.79","4,17,969","46,88,74,968.35","19,894","1,96,553","47.03"
"ASIANPAINT","EQ","25-Aug-2016","1,118.85","1,120.10","1,126.50","1,102.80","1,105.20","1,105.90","1,111.53","5,54,850","61,67,32,961.95","29,180","3,43,832","61.97"
"ASIANPAINT","EQ","26-Aug-2016","1,105.90","1,106.25","1,127.55","1,091.05","1,123.00","1,123.30","1,106.85","8,69,672","96,25,94,283.05","32,355","4,08,408","46.96"
"ASIANPAINT","EQ","29-Aug-2016","1,123.30","1,123.30","1,124.65","1,104.15","1,108.55","1,111.85","1,110.88","4,52,947","50,31,71,260.15","22,356","1,78,899","39.50"
"ASIANPAINT","EQ","30-Aug-2016","1,111.85","1,115.00","1,148.00","1,110.00","1,145.20","1,146.20","1,132.87","6,74,826","76,44,87,811.05","29,140","2,91,003","43.12"
"ASIANPAINT","EQ","31-Aug-2016","1,146.20","1,157.00","1,173.90","1,149.00","1,160.00","1,157.90","1,160.06","16,68,417","1,93,54,67,154.60","61,859","10,12,786","60.70"
"ASIANPAINT","EQ","01-Sep-2016","1,157.90","1,159.85","1,164.05","1,142.00","1,160.95","1,156.95","1,152.56","6,21,894","71,67,67,199.65","36,809","2,75,307","44.27"
"ASIANPAINT","EQ","02-Sep-2016","1,156.95","1,158.95","1,172.00","1,151.30","1,164.55","1,167.55","1,165.41","7,10,106","82,75,63,807.00","28,373","2,91,611","41.07"
"ASIANPAINT","EQ","06-Sep-2016","1,167.55","1,175.00","1,213.90","1,170.60","1,212.00","1,204.15","1,192.73","11,31,704","1,34,98,21,735.60","42,833","6,69,715","59.18"
"ASIANPAINT","EQ","07-Sep-2016","1,204.15","1,208.00","1,209.00","1,170.70","1,178.50","1,177.20","1,180.00","10,92,266","1,28,88,77,336.65","69,578","7,03,166","64.38"
"ASIANPAINT","EQ","08-Sep-2016","1,177.20","1,179.00","1,190.00","1,171.00","1,180.00","1,182.60","1,179.15","8,88,245","1,04,73,76,514.05","44,034","5,63,388","63.43"
"ASIANPAINT","EQ","09-Sep-2016","1,182.60","1,181.90","1,181.90","1,168.00","1,168.20","1,171.75","1,173.86","5,75,102","67,50,90,615.70","46,935","3,57,332","62.13"
"ASIANPAINT","EQ","12-Sep-2016","1,171.75","1,156.35","1,163.00","1,137.00","1,155.00","1,154.60","1,154.11","4,65,079","53,67,50,151.20","27,396","1,78,536","38.39"
"ASIANPAINT","EQ","14-Sep-2016","1,154.60","1,150.10","1,178.95","1,150.10","1,165.00","1,163.60","1,168.36","7,04,633","82,32,66,108.15","41,248","3,66,051","51.95"
"ASIANPAINT","EQ","15-Sep-2016","1,163.60","1,170.00","1,175.50","1,160.00","1,173.70","1,173.55","1,169.18","6,16,127","72,03,62,790.55","26,879","2,56,492","41.63"
"ASIANPAINT","EQ","16-Sep-2016","1,173.55","1,173.60","1,181.25","1,152.00","1,157.00","1,155.15","1,164.43","11,36,226","1,32,30,53,577.95","51,487","7,60,226","66.91"
"ASIANPAINT","EQ","19-Sep-2016","1,155.15","1,157.20","1,172.00","1,157.20","1,161.00","1,163.60","1,166.75","5,50,698","64,25,29,283.05","33,040","2,93,683","53.33"
"ASIANPAINT","EQ","20-Sep-2016","1,163.60","1,164.00","1,173.70","1,162.60","1,163.30","1,165.05","1,168.64","9,66,451","1,12,94,31,830.55","30,753","7,30,780","75.61"
"ASIANPAINT","EQ","21-Sep-2016","1,165.05","1,165.90","1,176.00","1,165.90","1,170.00","1,170.60","1,171.32","6,15,798","72,12,97,195.80","43,647","3,49,686","56.79"
"ASIANPAINT","EQ","22-Sep-2016","1,170.60","1,182.30","1,197.00","1,175.00","1,189.00","1,192.00","1,185.30","9,13,747","1,08,30,62,083.10","34,622","5,32,178","58.24"
"ASIANPAINT","EQ","23-Sep-2016","1,192.00","1,201.00","1,203.50","1,185.00","1,192.00","1,191.20","1,195.93","6,68,223","79,91,46,708.25","27,537","2,93,118","43.87"
"ASIANPAINT","EQ","26-Sep-2016","1,191.20","1,195.00","1,195.00","1,174.90","1,181.50","1,183.00","1,181.17","8,17,715","96,58,58,761.80","26,415","5,00,476","61.20"
"ASIANPAINT","EQ","27-Sep-2016","1,183.00","1,184.20","1,203.00","1,184.20","1,195.90","1,192.55","1,194.51","5,32,323","63,58,64,744.50","23,009","2,28,643","42.95"
"ASIANPAINT","EQ","28-Sep-2016","1,192.55","1,193.00","1,201.00","1,188.10","1,193.50","1,193.50","1,194.02","5,66,690","67,66,41,620.45","18,339","3,07,357","54.24"
"ASIANPAINT","EQ","29-Sep-2016","1,193.50","1,194.35","1,203.35","1,160.00","1,185.00","1,167.35","1,175.49","11,25,599","1,32,31,33,370.95","32,981","6,35,208","56.43"
"ASIANPAINT","EQ","30-Sep-2016","1,167.35","1,167.00","1,179.95","1,156.00","1,160.00","1,160.70","1,162.28","4,78,253","55,58,64,946.25","29,959","2,70,507","56.56"
"ASIANPAINT","EQ","03-Oct-2016","1,160.70","1,170.00","1,199.00","1,165.40","1,197.00","1,193.00","1,184.48","7,47,111","88,49,39,167.80","41,443","3,99,397","53.46"
"ASIANPAINT","EQ","04-Oct-2016","1,193.00","1,202.00","1,203.00","1,179.40","1,184.75","1,192.55","1,193.75","5,03,642","60,12,22,185.95","29,233","2,40,343","47.72"
"ASIANPAINT","EQ","05-Oct-2016","1,192.55","1,188.00","1,224.00","1,185.00","1,206.25","1,208.75","1,210.09","10,80,751","1,30,78,06,772.10","35,729","4,55,406","42.14"
"ASIANPAINT","EQ","06-Oct-2016","1,208.75","1,210.10","1,222.40","1,201.70","1,210.00","1,209.50","1,214.51","7,46,006","90,60,29,554.10","45,096","3,83,369","51.39"
"ASIANPAINT","EQ","07-Oct-2016","1,209.50","1,208.00","1,210.00","1,180.80","1,183.00","1,184.60","1,190.80","8,73,434","1,04,00,81,684.50","37,252","4,96,295","56.82"
"ASIANPAINT","EQ","10-Oct-2016","1,184.60","1,189.00","1,219.00","1,189.00","1,211.00","1,212.65","1,208.44","5,70,180","68,90,30,892.05","22,870","2,26,077","39.65"
"ASIANPAINT","EQ","13-Oct-2016","1,212.65","1,227.00","1,227.30","1,208.85","1,214.00","1,216.60","1,215.80","13,91,322","1,69,15,69,043.85","73,168","9,29,475","66.81"
"ASIANPAINT","EQ","14-Oct-2016","1,216.60","1,216.10","1,220.00","1,202.25","1,205.00","1,205.75","1,209.69","3,54,200","42,84,71,348.20","18,491","1,71,637","48.46"
"ASIANPAINT","EQ","17-Oct-2016","1,205.75","1,208.10","1,208.40","1,178.50","1,185.00","1,182.30","1,187.98","3,65,921","43,47,05,620.35","20,706","1,32,678","36.26"
"ASIANPAINT","EQ","18-Oct-2016","1,182.30","1,186.40","1,193.35","1,165.55","1,175.00","1,174.50","1,173.59","13,39,044","1,57,14,85,596.65","52,459","9,08,217","67.83"
"ASIANPAINT","EQ","19-Oct-2016","1,174.50","1,180.00","1,184.15","1,163.25","1,171.20","1,169.30","1,170.42","12,01,677","1,40,64,67,414.20","37,338","7,94,584","66.12"
"ASIANPAINT","EQ","20-Oct-2016","1,169.30","1,175.00","1,177.00","1,163.25","1,165.25","1,165.75","1,169.47","4,48,785","52,48,39,586.20","20,653","2,40,231","53.53"
"ASIANPAINT","EQ","21-Oct-2016","1,165.75","1,172.90","1,172.90","1,144.40","1,153.70","1,153.50","1,153.52","9,48,987","1,09,46,78,100.90","50,350","5,93,466","62.54"
"ASIANPAINT","EQ","24-Oct-2016","1,153.50","1,161.15","1,162.00","1,124.10","1,130.00","1,127.50","1,134.02","12,87,073","1,45,95,70,636.00","57,422","8,37,682","65.08"
"ASIANPAINT","EQ","25-Oct-2016","1,127.50","1,131.95","1,158.30","1,117.10","1,153.15","1,139.75","1,133.17","30,14,876","3,41,63,77,761.20","99,461","16,33,872","54.19"
"ASIANPAINT","EQ","26-Oct-2016","1,139.75","1,153.30","1,157.00","1,113.90","1,119.55","1,123.10","1,122.56","13,23,248","1,48,54,20,714.55","59,133","7,30,578","55.21"
"ASIANPAINT","EQ","27-Oct-2016","1,123.10","1,133.00","1,134.40","1,081.00","1,085.00","1,085.45","1,090.37","17,64,517","1,92,39,77,574.25","49,435","8,78,452","49.78"
"ASIANPAINT","EQ","28-Oct-2016","1,085.45","1,081.00","1,096.95","1,066.05","1,070.10","1,069.90","1,076.22","17,32,990","1,86,50,80,092.15","53,609","10,19,103","58.81"
"ASIANPAINT","EQ","30-Oct-2016","1,069.90","1,080.00","1,085.00","1,070.00","1,076.00","1,075.75","1,076.40","1,49,226","16,06,26,843.35","4,095","90,032","60.33"
"ASIANPAINT","EQ","01-Nov-2016","1,075.75","1,077.10","1,088.20","1,072.00","1,076.50","1,076.70","1,080.35","9,83,171","1,06,21,72,502.40","73,492","6,79,039","69.07"
"ASIANPAINT","EQ","02-Nov-2016","1,076.70","1,067.90","1,083.35","1,055.35","1,060.00","1,062.75","1,069.62","8,72,573","93,33,21,330.50","41,941","4,72,005","54.09"
"ASIANPAINT","EQ","03-Nov-2016","1,062.75","1,058.30","1,075.00","1,033.45","1,033.70","1,037.15","1,045.55","10,75,107","1,12,40,82,661.75","39,037","6,28,153","58.43"
"ASIANPAINT","EQ","04-Nov-2016","1,037.15","1,039.20","1,054.80","1,035.10","1,042.15","1,043.05","1,045.25","9,76,222","1,02,04,00,384.80","42,934","4,94,765","50.68"
"ASIANPAINT","EQ","07-Nov-2016","1,043.05","1,048.00","1,059.60","1,027.90","1,037.15","1,037.35","1,043.79","8,29,767","86,61,00,822.15","36,837","3,51,570","42.37"
"ASIANPAINT","EQ","08-Nov-2016","1,037.35","1,044.75","1,060.00","1,040.00","1,054.20","1,057.00","1,049.70","7,80,312","81,90,95,359.35","23,796","4,22,301","54.12"
"ASIANPAINT","EQ","09-Nov-2016","1,057.00","999.00","1,058.10","952.00","1,055.00","1,050.95","1,024.49","20,05,884","2,05,49,99,448.15","68,000","10,36,037","51.65"
"ASIANPAINT","EQ","10-Nov-2016","1,050.95","1,056.00","1,060.00","1,008.00","1,010.25","1,011.30","1,026.75","17,19,037","1,76,50,13,593.50","58,652","9,70,678","56.47"
"ASIANPAINT","EQ","11-Nov-2016","1,011.30","1,000.00","1,004.95","958.00","969.00","962.30","972.74","26,65,967","2,59,33,00,737.55","88,176","16,06,055","60.24"
"ASIANPAINT","EQ","15-Nov-2016","962.30","970.95","970.95","869.00","892.00","890.80","896.90","53,54,021","4,80,20,02,337.85","1,62,791","33,12,186","61.86"
"ASIANPAINT","EQ","16-Nov-2016","890.80","917.50","945.90","903.00","940.00","935.70","926.60","30,32,067","2,80,95,18,468.15","72,228","15,84,693","52.26"
"ASIANPAINT","EQ","17-Nov-2016","935.70","946.00","947.15","917.00","918.10","918.45","924.91","13,10,176","1,21,17,91,587.60","52,750","5,29,917","40.45"
"ASIANPAINT","EQ","18-Nov-2016","918.45","925.90","928.95","899.85","900.00","908.20","915.23","13,35,202","1,22,20,12,425.70","58,937","7,03,105","52.66"
"ASIANPAINT","EQ","21-Nov-2016","908.20","918.00","918.00","891.75","901.20","900.00","902.81","16,39,425","1,48,00,89,994.40","78,481","9,03,944","55.14"
"ASIANPAINT","EQ","22-Nov-2016","900.00","908.00","912.95","895.00","912.95","907.75","902.46","16,78,288","1,51,45,91,830.80","55,516","10,46,020","62.33"
"ASIANPAINT","EQ","23-Nov-2016","907.75","915.90","946.40","912.00","940.00","942.05","935.08","23,71,811","2,21,78,21,716.45","58,078","13,91,402","58.66"
"ASIANPAINT","EQ","24-Nov-2016","942.05","938.25","965.75","932.05","935.00","936.10","948.09","29,08,165","2,75,72,01,523.00","88,714","13,15,904","45.25"
"ASIANPAINT","EQ","25-Nov-2016","936.10","943.90","953.30","938.80","944.05","945.45","946.53","14,60,489","1,38,24,00,638.90","57,069","8,22,217","56.30"
"ASIANPAINT","EQ","28-Nov-2016","945.45","950.00","968.65","933.50","937.00","936.10","947.65","13,35,539","1,26,56,20,054.35","71,407","6,99,048","52.34"
"ASIANPAINT","EQ","29-Nov-2016","936.10","940.40","967.00","935.20","958.00","958.55","953.93","25,07,536","2,39,20,06,734.85","78,048","15,81,449","63.07"
"ASIANPAINT","EQ","30-Nov-2016","958.55","967.95","974.90","952.55","965.85","969.90","968.88","44,60,941","4,32,21,20,597.70","1,02,145","36,17,337","81.09"
"ASIANPAINT","EQ","01-Dec-2016","969.90","967.00","968.00","936.00","940.00","939.15","943.66","15,17,103","1,43,16,29,195.85","62,376","8,26,421","54.47"
"ASIANPAINT","EQ","02-Dec-2016","939.15","936.00","936.50","902.00","906.30","904.85","915.97","21,39,914","1,96,00,99,316.20","58,064","12,39,231","57.91"
"ASIANPAINT","EQ","05-Dec-2016","904.85","910.00","941.60","895.25","939.25","937.65","922.42","18,81,935","1,73,59,27,447.80","61,937","8,12,386","43.17"
"ASIANPAINT","EQ","06-Dec-2016","937.65","940.90","944.70","924.15","934.50","934.15","933.90","8,89,147","83,03,78,042.40","29,675","3,74,420","42.11"
"ASIANPAINT","EQ","07-Dec-2016","934.15","936.00","948.50","928.20","935.50","932.20","939.21","8,09,152","75,99,62,896.85","30,689","3,13,396","38.73"
"ASIANPAINT","EQ","08-Dec-2016","932.20","941.95","947.55","929.80","937.65","936.15","937.59","10,24,529","96,05,92,859.85","56,690","5,33,791","52.10"
"ASIANPAINT","EQ","09-Dec-2016","936.15","942.00","953.95","935.05","940.00","941.75","942.33","16,00,112","1,50,78,37,046.05","65,882","8,09,233","50.57"
"ASIANPAINT","EQ","12-Dec-2016","941.75","931.30","937.15","909.00","911.00","910.25","920.17","15,31,811","1,40,95,29,191.20","1,11,769","8,30,363","54.21"
"ASIANPAINT","EQ","13-Dec-2016","910.25","915.00","915.00","895.00","907.50","906.75","902.53","15,72,248","1,41,90,02,129.65","42,778","6,97,414","44.36"
"ASIANPAINT","EQ","14-Dec-2016","906.75","908.00","923.20","908.00","914.35","914.35","917.19","9,44,657","86,64,30,920.85","32,349","3,49,057","36.95"
"ASIANPAINT","EQ","15-Dec-2016","914.35","909.65","916.75","901.70","903.00","903.00","907.44","9,58,978","87,02,13,616.40","30,946","4,44,148","46.31"
"ASIANPAINT","EQ","16-Dec-2016","903.00","911.95","911.95","898.00","901.40","899.90","902.92","10,41,676","94,05,49,930.35","40,866","5,88,387","56.48"
"ASIANPAINT","EQ","19-Dec-2016","899.90","901.40","902.00","875.10","879.00","878.40","884.64","19,05,631","1,68,57,95,165.95","50,451","11,30,389","59.32"
"ASIANPAINT","EQ","20-Dec-2016","878.40","875.50","882.00","860.05","867.50","865.70","869.60","18,11,388","1,57,51,79,274.45","63,850","11,58,903","63.98"
"ASIANPAINT","EQ","21-Dec-2016","865.70","867.20","876.50","861.55","865.00","865.55","870.63","13,21,988","1,15,09,55,977.60","40,495","7,70,403","58.28"
"ASIANPAINT","EQ","22-Dec-2016","865.55","865.55","874.30","851.10","872.65","870.30","860.94","14,72,349","1,26,76,03,778.75","59,804","7,94,777","53.98"
"ASIANPAINT","EQ","23-Dec-2016","870.30","875.00","885.00","861.50","874.00","874.00","875.89","13,25,637","1,16,11,12,767.60","43,885","4,57,965","34.55"
"ASIANPAINT","EQ","26-Dec-2016","874.00","874.00","885.00","860.00","866.00","867.80","873.08","13,13,467","1,14,67,67,611.40","45,920","4,83,981","36.85"
"ASIANPAINT","EQ","27-Dec-2016","867.80","871.90","877.80","863.40","875.00","876.00","871.57","8,46,898","73,81,27,715.35","28,927","3,43,539","40.56"
"ASIANPAINT","EQ","28-Dec-2016","876.00","876.00","890.00","869.55","875.40","875.70","882.51","10,93,720","96,52,23,652.55","30,781","4,57,382","41.82"
"ASIANPAINT","EQ","29-Dec-2016","875.70","879.00","887.00","877.00","880.00","880.05","881.42","12,03,203","1,06,05,27,014.55","41,840","7,06,008","58.68"
"ASIANPAINT","EQ","30-Dec-2016","880.05","884.95","895.00","882.50","890.50","891.05","890.70","9,35,476","83,32,30,707.05","33,088","4,50,500","48.16"